Yr,Mo,ProductName,TeamName,Revenue,Units,Product,RequestorTeams,PromoSpend,Requests
2024,1,AGOVIZ,MAVERICKS,3448425.1126,4870.0,AGOVIZ,MAVERICKS,28500.0,1
2024,1,ARBI,WINNERS,4662460.9084,13189.0,ARBI,WINNERS,268819.0,3
2024,1,AVSAR,CHALLENGERS,120491168.3834,264555.0,AVSAR,CHALLENGERS,1309582.8,23
2024,1,AVSAR PLUS,BRAVO,38607604.7577,85709.0,AVSAR PLUS,BRAVO,438841.0,5
2024,1,BYVAS,LEGENDS,22300711.0498,78659.0,BYVAS,LEGENDS,594361.9,8
2024,1,DAPWIZ,LEGENDS,7448121.5303,23332.0,DAPWIZ,LEGENDS,167200.0,3
2024,1,DIPOF,MAVERICKS,1752289.7321,7703.0,DIPOF,MAVERICKS,95600.0,2
2024,1,DUZALTA,MAVERICKS,16953880.8042,29095.0,DUZALTA,MAVERICKS,479500.0,8
2024,1,ERLI,BRAVO,13025809.0523,30239.0,ERLI,BRAVO,414966.0,8
2024,1,ERLINA,WINNERS,11299540.394,19446.0,ERLINA,WINNERS,107348.4,4
2024,1,ESTAR,MAVERICKS,11353691.006,38548.0,ESTAR,MAVERICKS,146400.0,2
2024,1,ESTAR,TITANS,29752834.525,68449.0,ESTAR,TITANS,1473146.55,24
2024,1,EVOKALM,MAVERICKS,8102586.4559,29861.0,EVOKALM,MAVERICKS,519946.48,5
2024,1,EVOPRIDE,WINNERS,15000926.7427,25780.0,EVOPRIDE,WINNERS,930842.0,19
2024,1,EVOPRIDE PLUS,WINNERS,23759641.498899996,55130.0,EVOPRIDE PLUS,WINNERS,296387.4,3
2024,1,FEMOVA,GLADIATORS,12184229.9384,11349.0,FEMOVA,GLADIATORS,909867.02,17
2024,1,FERFER,GLADIATORS,10617419.2736,14107.0,FERFER,GLADIATORS,581663.0,8
2024,1,INOSITA,METABOLIZERS,14459948.606,13648.0,INOSITA,METABOLIZERS,197300.0,2
2024,1,INOSITA PLUS,METABOLIZERS,91293245.881,87636.0,INOSITA PLUS,METABOLIZERS,1958131.0,19
2024,1,KALSOB,BONE SAVIORS,17757695.9203,28537.0,KALSOB,BONE SAVIORS,1279096.54,24
2024,1,KLEVRA,MAVERICKS,7625429.0752,7798.0,KLEVRA,MAVERICKS,120080.0,2
2024,1,LOWPLAT,CHALLENGERS,78774945.06249999,334113.0,LOWPLAT,CHALLENGERS,1006126.1,19
2024,1,LOWPLAT PLUS,LEGENDS,105705749.7274,418496.0,LOWPLAT PLUS,LEGENDS,1139271.16,16
2024,1,NISE,BONE SAVIORS,56233102.3253,216778.0,NISE,BONE SAVIORS,1714558.88,29
2024,1,ONITA,ELITE,11907047.9025,10091.0,ONITA,ELITE,457714.4,5
2024,1,OPT-D,ELITE,26095987.955500003,107131.0,OPT-D,ELITE,1539553.77,18
2024,1,ORSLIM,WARRIORS,46466972.5525,21384.0,ORSLIM,WARRIORS,2186198.75,13
2024,1,PARIDOPA,TITANS,6205194.773,3820.0,PARIDOPA,TITANS,455392.5,10
2024,1,RAMIPACE,CHAMPIONS,40596476.4143,65356.0,RAMIPACE,CHAMPIONS,130733.0,1
2024,1,RETZOLE,WARRIORS,5096751.3,2872.0,RETZOLE,WARRIORS,222600.0,5
2024,1,SACVIN,ALPHA,34869925.1535,24581.0,SACVIN,ALPHA,1871780.0,13
2024,1,SHEVIT,WARRIORS,6192174.889199999,12519.0,SHEVIT,WARRIORS,93600.0,1
2024,1,SPARLIV,TITANS,3352783.2146,4249.0,SPARLIV,TITANS,530540.0,3
2024,1,TELSARTA,NAVIGATORS,8191748.916,30670.0,TELSARTA,NAVIGATORS,385715.0,6
2024,1,TELSARTA-A,NAVIGATORS,29451276.4897,69192.0,TELSARTA-A,NAVIGATORS,762005.0,14
2024,1,TREATAN,METABOLIZERS,13697718.6695,32600.0,TREATAN,METABOLIZERS,2237030.7,27
2024,1,VOXAMINE,TITANS,7434165.812999999,15944.0,VOXAMINE,TITANS,177040.0,3
2024,1,XILICA,TITANS,10551352.5316,25714.0,XILICA,TITANS,1268674.2,21
2024,1,ZIBES,ALPHA,4249313.573,29414.0,ZIBES,ALPHA,214742.0,5
2024,2,AVSAR,CHALLENGERS,120425763.5163,264741.0,AVSAR,CHALLENGERS,1296270.9,23
2024,2,AVSAR PLUS,BRAVO,37521350.514800005,83520.0,AVSAR PLUS,BRAVO,539361.27,5
2024,2,BYVAS,LEGENDS,22900722.3514,80378.0,BYVAS,LEGENDS,115660.0,2
2024,2,DUZALTA,MAVERICKS,15791232.2024,27099.0,DUZALTA,MAVERICKS,361516.17,7
2024,2,ESTAR,TITANS,28851942.65,66653.0,ESTAR,TITANS,248211.0,3
2024,2,EVOFIX,GLADIATORS,3453303.16,5166.0,EVOFIX,GLADIATORS,864580.0,1
2024,2,EVOKALM,MAVERICKS,7476074.3025,27519.0,EVOKALM,MAVERICKS,202696.0,3
2024,2,EVOPRIDE PLUS,WINNERS,21945013.3499,51040.0,EVOPRIDE PLUS,WINNERS,2411935.0,4
2024,2,FEMOVA,GLADIATORS,12699297.1933,11822.0,FEMOVA,GLADIATORS,2056304.48,19
2024,2,FERFER,GLADIATORS,11088325.169,14733.0,FERFER,GLADIATORS,3183913.9299999997,42
2024,2,INOSITA PLUS,METABOLIZERS,89694079.41149999,86096.0,INOSITA PLUS,METABOLIZERS,475720.0,10
2024,2,INOSITA PLUS,WINNERS,25955664.8913,42938.0,INOSITA PLUS,WINNERS,520835.0,1
2024,2,KALSOB,BONE SAVIORS,16943984.3951,27236.0,KALSOB,BONE SAVIORS,1140411.51,20
2024,2,KLEVRA,MAVERICKS,4222987.9146,5153.0,KLEVRA,MAVERICKS,147199.98,2
2024,2,LOWPLAT,CHALLENGERS,79782505.84700002,338066.0,LOWPLAT,CHALLENGERS,39900.0,1
2024,2,LOWPLAT PLUS,LEGENDS,103640515.419,410066.0,LOWPLAT PLUS,LEGENDS,1851925.0,17
2024,2,NISE,BONE SAVIORS,49508119.9597,190795.0,NISE,BONE SAVIORS,1693356.71,32
2024,2,ONITA,ELITE,11848325.1,10023.0,ONITA,ELITE,285371.35,5
2024,2,OPT-D,ELITE,23824767.5082,98545.0,OPT-D,ELITE,207445.91,5
2024,2,ORSLIM,WARRIORS,47282297.225,21744.0,ORSLIM,WARRIORS,296945.0,8
2024,2,PARIDOPA,TITANS,6504245.9975,4036.0,PARIDOPA,TITANS,84000.0,2
2024,2,RETZOLE,WARRIORS,4850635.5,2727.0,RETZOLE,WARRIORS,99990.0,1
2024,2,SACVIN,ALPHA,36507472.8904,25850.0,SACVIN,ALPHA,561661.8,9
2024,2,SHEVIT,WARRIORS,5111611.228999999,10330.0,SHEVIT,WARRIORS,105240.0,1
2024,2,TELSARTA,NAVIGATORS,7988045.4476,29960.0,TELSARTA,NAVIGATORS,248495.0,4
2024,2,XILICA,TITANS,10227188.6942,25178.0,XILICA,TITANS,651581.0,12
2024,2,ZIBES,ALPHA,3644998.9598,26225.0,ZIBES,ALPHA,327306.0,5
2024,3,AVSAR,CHALLENGERS,129594303.6195,285131.0,AVSAR,CHALLENGERS,126868.0,1
2024,3,DUZALTA,MAVERICKS,14904534.9837,25553.0,DUZALTA,MAVERICKS,174990.0,4
2024,3,ESTAR,TITANS,26181710.8515,60381.0,ESTAR,TITANS,840256.4500000001,14
2024,3,EVOFIX,GLADIATORS,3368315.6995,5115.0,EVOFIX,GLADIATORS,18984.0,2
2024,3,EVOKALM,MAVERICKS,7444540.9893,27918.0,EVOKALM,MAVERICKS,616297.8,10
2024,3,EVOPRIDE PLUS,WINNERS,23204546.4016,53632.0,EVOPRIDE PLUS,WINNERS,194701.0,1
2024,3,FEMOVA,GLADIATORS,11786489.4272,10969.0,FEMOVA,GLADIATORS,226000.0,4
2024,3,FERFER,GLADIATORS,12107548.3521,16083.0,FERFER,GLADIATORS,421015.8,11
2024,3,KALSOB,BONE SAVIORS,16891255.549,27136.0,KALSOB,BONE SAVIORS,2918485.8699999996,47
2024,3,KLEVRA,MAVERICKS,7481721.9449,7162.0,KLEVRA,MAVERICKS,131584.0,3
2024,3,NISE,BONE SAVIORS,50811501.1886,195914.0,NISE,BONE SAVIORS,3213933.46,53
2024,3,OPT-D,ELITE,25641933.5065,108415.0,OPT-D,ELITE,957145.4,19
2024,3,ORSLIM,WARRIORS,47045679.155,21658.0,ORSLIM,WARRIORS,719268.59,5
2024,3,RAMIPACE,CHAMPIONS,40558174.4961,65129.0,RAMIPACE,CHAMPIONS,485971.0,4
2024,3,RETZOLE,WARRIORS,4308802.15,2422.0,RETZOLE,WARRIORS,759246.2,6
2024,3,SHEVIT,WARRIORS,6513389.2014,13168.0,SHEVIT,WARRIORS,18000.0,1
2024,3,THEWRIL,BONE SAVIORS,3445518.8624,5807.0,THEWRIL,BONE SAVIORS,125500.0,4
2024,3,ZIBES,ALPHA,3551959.5164,26994.0,ZIBES,ALPHA,1345091.0099999998,17
2024,4,ESTAR,TITANS,26365512.91,60965.0,ESTAR,TITANS,321376.8,3
2024,4,FEMOVA,GLADIATORS,10917390.6384,10179.0,FEMOVA,GLADIATORS,316494.8,7
2024,4,FERFER,GLADIATORS,12235311.2706,16264.0,FERFER,GLADIATORS,1025725.4,15
2024,4,KALSOB,BONE SAVIORS,15851315.3552,25492.0,KALSOB,BONE SAVIORS,1755977.6,16
2024,4,NISE,BONE SAVIORS,49574292.6812,191155.0,NISE,BONE SAVIORS,3141130.6,18
2024,4,ONITA,ELITE,11308944.85,9584.0,ONITA,ELITE,92808.0,2
2024,4,ORSLIM,WARRIORS,47053234.1825,21650.0,ORSLIM,WARRIORS,131163.0,3
2024,4,RETZOLE,WARRIORS,4045195.9,2273.0,RETZOLE,WARRIORS,131810.0,2
2024,4,SACVIN,ALPHA,32181271.3778,22696.0,SACVIN,ALPHA,73122.09,1
2024,4,SHEVIT,WARRIORS,6103910.7634,12331.0,SHEVIT,WARRIORS,2284335.0,4
2024,4,THEWRIL,BONE SAVIORS,2751868.349,4633.0,THEWRIL,BONE SAVIORS,59272.0,2
2024,4,ZIBES,ALPHA,4897533.9354,32843.0,ZIBES,ALPHA,210674.0,3
2024,5,AVSAR,CHALLENGERS,121369827.6962,266690.0,AVSAR,CHALLENGERS,940840.0,8
2024,5,DUZALTA,MAVERICKS,16455839.1231,28215.0,DUZALTA,MAVERICKS,982715.5,9
2024,5,FEMOVA,GLADIATORS,12509798.5665,11650.0,FEMOVA,GLADIATORS,144885.0,5
2024,5,FERFER,GLADIATORS,15599275.5947,20723.0,FERFER,GLADIATORS,1271454.0,12
2024,5,KALSOB,BONE SAVIORS,20041646.4224,32260.0,KALSOB,BONE SAVIORS,2557686.98,20
2024,5,LOWPLAT PLUS,LEGENDS,106088623.4815,420147.0,LOWPLAT PLUS,LEGENDS,337833.0,3
2024,5,NISE,BONE SAVIORS,56416017.9042,217385.0,NISE,BONE SAVIORS,3965698.98,21
2024,5,ONITA,ELITE,13931330.0,11798.0,ONITA,ELITE,804555.1599999999,13
2024,5,ORSLIM,WARRIORS,54949443.6475,25283.0,ORSLIM,WARRIORS,184632.0,2
2024,5,RAMIPACE,CHAMPIONS,40742083.5878,65576.0,RAMIPACE,CHAMPIONS,344462.5,7
2024,5,SACVIN,ALPHA,32827247.6155,22580.0,SACVIN,ALPHA,616526.56,10
2024,5,SHEVIT,WARRIORS,8131695.101499999,16432.0,SHEVIT,WARRIORS,1568942.65,7
2024,5,THEWRIL,BONE SAVIORS,3256701.995,5483.0,THEWRIL,BONE SAVIORS,177634.0,2
2024,5,ZIBES,ALPHA,4725367.5848,32051.0,ZIBES,ALPHA,343718.0,3
2024,6,AVSAR,CHALLENGERS,118908752.5843,260826.0,AVSAR,CHALLENGERS,335920.0,1
2024,6,FEMOVA,GLADIATORS,12125507.5665,11288.0,FEMOVA,GLADIATORS,259420.0,3
2024,6,FERFER,GLADIATORS,14920202.1095,19833.0,FERFER,GLADIATORS,620900.0,7
2024,6,KALSOB,BONE SAVIORS,18593712.3675,29853.0,KALSOB,BONE SAVIORS,935577.0,9
2024,6,LOWPLAT PLUS,LEGENDS,100918342.6446,399531.0,LOWPLAT PLUS,LEGENDS,1400000.0,1
2024,6,NISE,BONE SAVIORS,52750499.9819,203238.0,NISE,BONE SAVIORS,2727668.2,18
2024,6,ORSLIM,WARRIORS,52102533.995,23970.0,ORSLIM,WARRIORS,872511.85,6
2024,6,SACVIN,ALPHA,38246686.9075,27115.0,SACVIN,ALPHA,206990.0,2
2024,6,SHEVIT,WARRIORS,4938406.372199999,9976.0,SHEVIT,WARRIORS,140000.0,1
2024,6,THEWRIL,BONE SAVIORS,2947694.241,4967.0,THEWRIL,BONE SAVIORS,109530.0,1
2024,7,AGOVIZ,MAVERICKS,3695382.4239,5221.0,AGOVIZ,MAVERICKS,202017.0,2
2024,7,ANPLAG,CHAMPIONS,23945667.2136,17870.0,ANPLAG,CHAMPIONS,1096795.0,10
2024,7,ARBI,WINNERS,4018602.869,11412.0,ARBI,WINNERS,269370.0,7
2024,7,AVSAR,CHALLENGERS,126787420.53,278985.0,AVSAR,CHALLENGERS,7896085.8100000005,94
2024,7,AVSAR PLUS,BRAVO,36422089.8893,81711.0,AVSAR PLUS,BRAVO,2523190.96,40
2024,7,BYVAS,LEGENDS,23519201.282,83140.0,BYVAS,LEGENDS,2157672.51,43
2024,7,DAPWIZ,LEGENDS,9284845.2077,28794.0,DAPWIZ,LEGENDS,891011.95,18
2024,7,DIPOF,MAVERICKS,2064099.7333,9131.0,DIPOF,MAVERICKS,374692.0,4
2024,7,DUZALTA,MAVERICKS,16836592.8763,28837.0,DUZALTA,MAVERICKS,3956655.11,59
2024,7,ERLI,BRAVO,14544258.3874,33913.0,ERLI,BRAVO,3212970.96,53
2024,7,ERLINA,WINNERS,16735145.168,28870.0,ERLINA,WINNERS,2082445.0,38
2024,7,ESTAR,MAVERICKS,12776686.0595,43383.0,ESTAR,MAVERICKS,150676.12,3
2024,7,ESTAR,TITANS,30164841.9675,69524.0,ESTAR,TITANS,4000775.2,61
2024,7,EVOKALM,MAVERICKS,7193688.690400001,26760.0,EVOKALM,MAVERICKS,1701108.97,26
2024,7,EVOPRIDE,WINNERS,16556127.8553,27996.0,EVOPRIDE,WINNERS,202630.0,4
2024,7,EVOPRIDE PLUS,WINNERS,24633665.2035,57199.0,EVOPRIDE PLUS,WINNERS,377960.2,9
2024,7,FEMOVA,GLADIATORS,13917939.3046,12972.0,FEMOVA,GLADIATORS,3640385.77,36
2024,7,FERFER,GLADIATORS,17497372.502100002,23249.0,FERFER,GLADIATORS,4393674.34,38
2024,7,GALVECTA,NAVIGATORS,571195.9663,1689.0,GALVECTA,NAVIGATORS,353042.5,1
2024,7,INOSITA,METABOLIZERS,14305217.118,13692.0,INOSITA,METABOLIZERS,1210250.17,6
2024,7,INOSITA PLUS,METABOLIZERS,88046135.0852,84518.0,INOSITA PLUS,METABOLIZERS,8561927.05,50
2024,7,INOSITA PLUS,WINNERS,33942802.7964,55310.0,INOSITA PLUS,WINNERS,121880.0,1
2024,7,KALSOB,BONE SAVIORS,22904145.0898,36800.0,KALSOB,BONE SAVIORS,933138.0,8
2024,7,KLEVRA,MAVERICKS,7028795.261,7472.0,KLEVRA,MAVERICKS,737539.47,7
2024,7,LOWPLAT,CHALLENGERS,78823894.80030002,334099.0,LOWPLAT,CHALLENGERS,1387103.0,17
2024,7,LOWPLAT PLUS,LEGENDS,106744806.7169,422720.0,LOWPLAT PLUS,LEGENDS,1580680.61,26
2024,7,NISE,BONE SAVIORS,64020042.7735,246574.0,NISE,BONE SAVIORS,2091181.15,18
2024,7,ONITA,ELITE,12662153.6475,10732.0,ONITA,ELITE,398499.03,4
2024,7,OPT-D,ELITE,29301042.453600004,124367.0,OPT-D,ELITE,1067004.3,23
2024,7,ORSLIM,WARRIORS,58013674.067,26688.0,ORSLIM,WARRIORS,1274721.51,24
2024,7,PARIDOPA,TITANS,8153888.295,5397.0,PARIDOPA,TITANS,589410.0,4
2024,7,RAMIPACE,CHAMPIONS,41767402.7409,67098.0,RAMIPACE,CHAMPIONS,595643.63,12
2024,7,SACVIN,ALPHA,37786714.4414,26813.0,SACVIN,ALPHA,2719751.7,41
2024,7,SHEVIT,WARRIORS,4332220.9518,8761.0,SHEVIT,WARRIORS,732155.2,10
2024,7,SPARLIV,TITANS,2906090.3544,3678.0,SPARLIV,TITANS,2109625.7,16
2024,7,TELSARTA,NAVIGATORS,6824789.7924,25567.0,TELSARTA,NAVIGATORS,269570.43,4
2024,7,TELSARTA-A,NAVIGATORS,21367022.5581,51982.0,TELSARTA-A,NAVIGATORS,252846.0,7
2024,7,THEWRIL,BONE SAVIORS,3759068.3932,6336.0,THEWRIL,BONE SAVIORS,5000.0,1
2024,7,TREATAN,METABOLIZERS,12868530.1282,31275.0,TREATAN,METABOLIZERS,633926.92,11
2024,7,VOXAMINE,TITANS,7656864.0892,16763.0,VOXAMINE,TITANS,2231927.7,12
2024,7,XILICA,TITANS,11354939.6502,28099.0,XILICA,TITANS,2672839.6,28
2024,7,ZIBES,ALPHA,5236730.1,36762.0,ZIBES,ALPHA,204000.0,3
2024,8,ANPLAG,CHAMPIONS,24277142.3082,17910.0,ANPLAG,CHAMPIONS,457990.05,5
2024,8,ARBI,WINNERS,4055606.2741,11516.0,ARBI,WINNERS,535198.5,6
2024,8,AVSAR,CHALLENGERS,131745189.3577,290016.0,AVSAR,CHALLENGERS,4872138.0,46
2024,8,AVSAR PLUS,BRAVO,44009361.8175,97178.0,AVSAR PLUS,BRAVO,3632503.3,42
2024,8,BYVAS,LEGENDS,24785623.0707,88083.0,BYVAS,LEGENDS,3632125.7,45
2024,8,DAPWIZ,LEGENDS,8064794.4073,25377.0,DAPWIZ,LEGENDS,1535472.5,23
2024,8,DIPOF,MAVERICKS,1709504.6344,7288.0,DIPOF,MAVERICKS,1025214.0,5
2024,8,DUZALTA,MAVERICKS,19510972.7911,33454.0,DUZALTA,MAVERICKS,3210698.9,15
2024,8,ERLI,BRAVO,15548281.6876,36253.0,ERLI,BRAVO,885042.0,14
2024,8,ERLINA,WINNERS,18658839.43,31990.0,ERLINA,WINNERS,1939873.95,32
2024,8,ESTAR,MAVERICKS,14398668.5745,48890.0,ESTAR,MAVERICKS,310000.0,1
2024,8,ESTAR,TITANS,34306594.3925,79162.0,ESTAR,TITANS,4656201.85,58
2024,8,EVOKALM,MAVERICKS,8051661.1091,30184.0,EVOKALM,MAVERICKS,511972.0,5
2024,8,EVOPRIDE,WINNERS,17951503.3286,30602.0,EVOPRIDE,WINNERS,124307.0,2
2024,8,EVOPRIDE PLUS,WINNERS,25187541.2992,58737.0,EVOPRIDE PLUS,WINNERS,637914.0,12
2024,8,FEMOVA,GLADIATORS,14806510.1616,13791.0,FEMOVA,GLADIATORS,1299265.5,18
2024,8,FERFER,GLADIATORS,18819591.7853,25043.0,FERFER,GLADIATORS,4488148.0,49
2024,8,INOSITA PLUS,METABOLIZERS,98119125.7131,94381.0,INOSITA PLUS,METABOLIZERS,3208119.9,47
2024,8,KALSOB,BONE SAVIORS,24402212.2368,39184.0,KALSOB,BONE SAVIORS,2183763.6,38
2024,8,KLEVRA,MAVERICKS,7979331.4823,7860.0,KLEVRA,MAVERICKS,3308880.0,9
2024,8,LOWPLAT,CHALLENGERS,80750876.71530001,342158.0,LOWPLAT,CHALLENGERS,3448015.79,43
2024,8,LOWPLAT PLUS,LEGENDS,109987459.5724,435289.0,LOWPLAT PLUS,LEGENDS,3635978.1,42
2024,8,NISE,BONE SAVIORS,65684812.1547,253271.0,NISE,BONE SAVIORS,3276760.9000000004,60
2024,8,ONITA,ELITE,13467206.2,11412.0,ONITA,ELITE,806180.21,21
2024,8,OPT-D,ELITE,34463165.992800005,144335.0,OPT-D,ELITE,595718.61,18
2024,8,ORSLIM,WARRIORS,63099312.8535,29048.0,ORSLIM,WARRIORS,2925789.56,40
2024,8,PARIDOPA,TITANS,7707445.925,5001.0,PARIDOPA,TITANS,1738163.4,22
2024,8,RAMIPACE,CHAMPIONS,39255339.532400005,63152.0,RAMIPACE,CHAMPIONS,261775.0,5
2024,8,SACVIN,ALPHA,37934622.4038,26747.0,SACVIN,ALPHA,3100861.98,24
2024,8,SHEVIT,WARRIORS,9327937.686599998,18875.0,SHEVIT,WARRIORS,3117549.4,30
2024,8,SPARLIV,TITANS,3783349.1858,4804.0,SPARLIV,TITANS,936673.75,10
2024,8,TELSARTA,NAVIGATORS,7299348.1524,27220.0,TELSARTA,NAVIGATORS,857355.05,13
2024,8,TELSARTA-A,NAVIGATORS,19135314.7288,45720.0,TELSARTA-A,NAVIGATORS,747328.0,6
2024,8,THEWRIL,BONE SAVIORS,4071388.1633,6857.0,THEWRIL,BONE SAVIORS,199500.0,1
2024,8,TREATAN,METABOLIZERS,13181789.2011,31738.0,TREATAN,METABOLIZERS,95600.0,1
2024,8,VOXAMINE,TITANS,8352932.4218,18339.0,VOXAMINE,TITANS,703335.5,5
2024,8,XILICA,TITANS,13310374.0732,32729.0,XILICA,TITANS,2997052.75,44
2024,8,ZIBES,ALPHA,4811061.5448,33215.0,ZIBES,ALPHA,400455.9,3
2024,9,ANPLAG,CHAMPIONS,23784040.4295,17528.0,ANPLAG,CHAMPIONS,46410.0,1
2024,9,ARBI,WINNERS,4045798.5049,11430.0,ARBI,WINNERS,1240302.8,10
2024,9,AVSAR,CHALLENGERS,131096273.2406,288063.0,AVSAR,CHALLENGERS,34500.0,1
2024,9,AVSAR PLUS,BRAVO,42239278.3284,93962.0,AVSAR PLUS,BRAVO,967602.3,12
2024,9,DAPWIZ,LEGENDS,7063260.4937,22518.0,DAPWIZ,LEGENDS,92000.0,3
2024,9,DIPOF,MAVERICKS,811439.4382,2800.0,DIPOF,MAVERICKS,64000.0,2
2024,9,ESTAR,TITANS,34659260.13,80041.0,ESTAR,TITANS,616608.0,7
2024,9,EVOPRIDE,WINNERS,17031258.0047,28616.0,EVOPRIDE,WINNERS,44868.6,2
2024,9,EVOPRIDE PLUS,WINNERS,24661849.7251,57339.0,EVOPRIDE PLUS,WINNERS,1620042.1,27
2024,9,FEMOVA,GLADIATORS,14646471.3753,13648.0,FEMOVA,GLADIATORS,1175581.0,8
2024,9,FERFER,GLADIATORS,18199416.9241,24231.0,FERFER,GLADIATORS,1180453.0,10
2024,9,GALVECTA,NAVIGATORS,587784.607,1739.0,GALVECTA,NAVIGATORS,385466.0,3
2024,9,INOSITA PLUS,METABOLIZERS,100523016.8137,96911.0,INOSITA PLUS,METABOLIZERS,121000.0,1
2024,9,KALSOB,BONE SAVIORS,24420069.6176,39241.0,KALSOB,BONE SAVIORS,2381398.6799999997,28
2024,9,KLEVRA,MAVERICKS,7690272.8336,7767.0,KLEVRA,MAVERICKS,168850.0,3
2024,9,NISE,BONE SAVIORS,70377447.5601,271369.0,NISE,BONE SAVIORS,5155528.58,71
2024,9,ONITA,ELITE,12814865.7525,10873.0,ONITA,ELITE,1152491.0,21
2024,9,ORSLIM,WARRIORS,64347611.5475,29638.0,ORSLIM,WARRIORS,602137.0,13
2024,9,PARIDOPA,TITANS,7193710.8125,4709.0,PARIDOPA,TITANS,1532583.5,14
2024,9,RAMIPACE,CHAMPIONS,39667384.8485,63735.0,RAMIPACE,CHAMPIONS,325688.0,3
2024,9,RETZOLE,WARRIORS,3639207.85,2050.0,RETZOLE,WARRIORS,205000.0,1
2024,9,SACVIN,ALPHA,36997315.2653,26340.0,SACVIN,ALPHA,4727738.8,57
2024,9,SHEVIT,WARRIORS,7995531.115299999,16163.0,SHEVIT,WARRIORS,3424260.0,14
2024,9,SPARLIV,TITANS,3768972.9521,4776.0,SPARLIV,TITANS,720600.5,9
2024,9,TELSARTA,NAVIGATORS,7436982.053,27722.0,TELSARTA,NAVIGATORS,238983.0,1
2024,9,TELSARTA-A,NAVIGATORS,19269694.7942,46074.0,TELSARTA-A,NAVIGATORS,571720.0,4
2024,9,URITREAT,ELITE,1874277.2,2219.0,URITREAT,ELITE,83092.0,3
2024,9,VOXAMINE,TITANS,8223920.5592,18012.0,VOXAMINE,TITANS,417385.0,5
2024,9,XILICA,TITANS,13229377.0933,32862.0,XILICA,TITANS,627503.0,6
2024,9,ZILERO,CHAMPIONS,286110.9328,337.0,ZILERO,CHAMPIONS,168460.0,3
2024,10,ANPLAG,CHAMPIONS,27195238.532,20128.0,ANPLAG,CHAMPIONS,993200.25,19
2024,10,ARBI,WINNERS,4169558.8106,11814.0,ARBI,WINNERS,191959.8,6
2024,10,AVSAR,CHALLENGERS,138421597.0534,304105.0,AVSAR,CHALLENGERS,3797796.5,50
2024,10,AVSAR PLUS,BRAVO,44939461.9327,100023.0,AVSAR PLUS,BRAVO,579267.2,16
2024,10,BYVAS,LEGENDS,27321864.04588,97056.0,BYVAS,LEGENDS,3506197.7,20
2024,10,DAPWIZ,LEGENDS,8282151.6912,26289.0,DAPWIZ,LEGENDS,558353.7,9
2024,10,DIPOF,MAVERICKS,2999082.8465,13382.0,DIPOF,MAVERICKS,420818.0,8
2024,10,DUZALTA,MAVERICKS,19127883.8285,32913.0,DUZALTA,MAVERICKS,2898663.52,25
2024,10,ERLI,BRAVO,17181045.2707,40386.0,ERLI,BRAVO,285686.0,6
2024,10,ESTAR,MAVERICKS,14732127.953,50081.0,ESTAR,MAVERICKS,1440262.0,2
2024,10,ESTAR,TITANS,35638868.4739,82472.0,ESTAR,TITANS,2321290.8,36
2024,10,EVOKALM,MAVERICKS,8706073.4463,32491.0,EVOKALM,MAVERICKS,1572151.0,5
2024,10,EVOPRIDE,WINNERS,17782999.9844,29898.0,EVOPRIDE,WINNERS,216888.47999999998,8
2024,10,EVOPRIDE PLUS,WINNERS,24737600.3831,57563.0,EVOPRIDE PLUS,WINNERS,900685.0,20
2024,10,FEMOVA,GLADIATORS,15593790.8394,14535.0,FEMOVA,GLADIATORS,1158404.8,18
2024,10,FERFER,GLADIATORS,18573621.8136,24710.0,FERFER,GLADIATORS,4206063.8,46
2024,10,GALVECTA,NAVIGATORS,615568.9521999999,1827.0,GALVECTA,NAVIGATORS,568355.0,3
2024,10,INOSITA,METABOLIZERS,17296132.4685,16736.0,INOSITA,METABOLIZERS,103125.0,1
2024,10,INOSITA PLUS,METABOLIZERS,104261184.3096,100609.0,INOSITA PLUS,METABOLIZERS,4754550.0,30
2024,10,KALSOB,BONE SAVIORS,28402288.7225,45712.0,KALSOB,BONE SAVIORS,1412207.4,14
2024,10,KLEVRA,MAVERICKS,7787642.0498,7701.0,KLEVRA,MAVERICKS,208133.5,4
2024,10,LOWPLAT,CHALLENGERS,80346806.44450001,340505.0,LOWPLAT,CHALLENGERS,1049898.2,12
2024,10,LOWPLAT PLUS,LEGENDS,108663547.9245,430227.0,LOWPLAT PLUS,LEGENDS,4800113.5,33
2024,10,NISE,BONE SAVIORS,84713054.27870001,326680.0,NISE,BONE SAVIORS,2496322.1,32
2024,10,OPT-D,ELITE,35480120.5648,153050.0,OPT-D,ELITE,2221055.5,18
2024,10,ORSLIM,WARRIORS,65034578.39,29933.0,ORSLIM,WARRIORS,3502329.85,34
2024,10,PARIDOPA,TITANS,8304380.9575,5332.0,PARIDOPA,TITANS,189500.0,1
2024,10,RAMIPACE,CHAMPIONS,41464911.0111,66763.0,RAMIPACE,CHAMPIONS,399510.0,4
2024,10,RETZOLE,WARRIORS,3761005.2,2114.0,RETZOLE,WARRIORS,27470.0,1
2024,10,SACVIN,ALPHA,40809606.2787,28871.0,SACVIN,ALPHA,4577264.0,30
2024,10,SHEVIT,WARRIORS,9865360.4636,19933.0,SHEVIT,WARRIORS,3297011.2,28
2024,10,SPARLIV,TITANS,4372389.1002,5551.0,SPARLIV,TITANS,1847989.54,25
2024,10,TELSARTA,NAVIGATORS,8216956.0977,30744.0,TELSARTA,NAVIGATORS,184282.5,6
2024,10,TREATAN,METABOLIZERS,12691682.9192,30595.0,TREATAN,METABOLIZERS,369347.0,9
2024,10,URITREAT,ELITE,1897812.0,2247.0,URITREAT,ELITE,72630.0,1
2024,10,VOXAMINE,TITANS,8235189.0714,17963.0,VOXAMINE,TITANS,396101.1,5
2024,10,XILICA,TITANS,14771605.8093,36559.0,XILICA,TITANS,1769899.8,20
2024,10,ZILERO,CHAMPIONS,928424.7791,1106.0,ZILERO,CHAMPIONS,46760.0,2
2024,11,AGOVIZ,MAVERICKS,3976623.3823,5625.0,AGOVIZ,MAVERICKS,252090.0,4
2024,11,ANPLAG,CHAMPIONS,25933086.907,19040.0,ANPLAG,CHAMPIONS,199100.21,5
2024,11,ARBI,WINNERS,3982957.235,11288.0,ARBI,WINNERS,95200.0,1
2024,11,AVSAR,CHALLENGERS,136971429.3648,301087.0,AVSAR,CHALLENGERS,1331773.0,29
2024,11,AVSAR PLUS,BRAVO,43327250.2431,96342.0,AVSAR PLUS,BRAVO,1470941.58,24
2024,11,BYVAS,LEGENDS,26854905.24218,95258.0,BYVAS,LEGENDS,542939.0,10
2024,11,DAPWIZ,LEGENDS,7993674.5195,24976.0,DAPWIZ,LEGENDS,261885.0,2
2024,11,DIPOF,MAVERICKS,2062945.5861,8854.0,DIPOF,MAVERICKS,121237.5,2
2024,11,DUZALTA,MAVERICKS,18322905.904,31458.0,DUZALTA,MAVERICKS,895302.0,11
2024,11,ERLI,BRAVO,16493386.0557,38754.0,ERLI,BRAVO,439438.3,9
2024,11,ESTAR,MAVERICKS,13533898.0423,45979.0,ESTAR,MAVERICKS,587500.0,4
2024,11,ESTAR,TITANS,33554740.3264,77598.0,ESTAR,TITANS,1075150.8,19
2024,11,EVOKALM,MAVERICKS,8794356.063000001,32460.0,EVOKALM,MAVERICKS,49103.0,4
2024,11,EVOPRIDE,WINNERS,16828116.6006,28589.0,EVOPRIDE,WINNERS,1124508.2,7
2024,11,EVOPRIDE PLUS,WINNERS,23533731.155300003,54501.0,EVOPRIDE PLUS,WINNERS,2220911.0,10
2024,11,FEMOVA,GLADIATORS,14195860.0477,13229.0,FEMOVA,GLADIATORS,766655.0,13
2024,11,FERFER,GLADIATORS,16643063.625000002,22157.0,FERFER,GLADIATORS,1848558.8,15
2024,11,INOSITA PLUS,METABOLIZERS,97862016.9749,94431.0,INOSITA PLUS,METABOLIZERS,1231205.7,23
2024,11,INOSITA PLUS,WINNERS,32320928.0743,53322.0,INOSITA PLUS,WINNERS,2989250.0,5
2024,11,KALSOB,BONE SAVIORS,26428874.1373,42523.0,KALSOB,BONE SAVIORS,1441241.4,18
2024,11,KLEVRA,MAVERICKS,7363472.513,7034.0,KLEVRA,MAVERICKS,261974.5,3
2024,11,LOWPLAT,CHALLENGERS,79448288.82930002,337105.0,LOWPLAT,CHALLENGERS,4963297.91,38
2024,11,LOWPLAT PLUS,LEGENDS,105858569.5254,419686.0,LOWPLAT PLUS,LEGENDS,1590480.0,21
2024,11,NISE,BONE SAVIORS,70561110.0528,272211.0,NISE,BONE SAVIORS,3913877.75,46
2024,11,ONITA,ELITE,13486317.6,11433.0,ONITA,ELITE,569063.0,10
2024,11,OPT-D,ELITE,38348523.5266,159397.0,OPT-D,ELITE,1007743.0,23
2024,11,ORSLIM,WARRIORS,64045755.9375,29484.0,ORSLIM,WARRIORS,1536379.7,22
2024,11,PARIDOPA,TITANS,7051239.28,4711.0,PARIDOPA,TITANS,564107.0,6
2024,11,RAMIPACE,CHAMPIONS,36560455.7195,59025.0,RAMIPACE,CHAMPIONS,268690.21,5
2024,11,SACVIN,ALPHA,38997279.8613,27683.0,SACVIN,ALPHA,2324445.2,33
2024,11,SHEVIT,WARRIORS,8610156.6408,17399.0,SHEVIT,WARRIORS,747510.0,11
2024,11,SPARLIV,TITANS,4308328.0538,5476.0,SPARLIV,TITANS,114800.0,4
2024,11,TELSARTA,NAVIGATORS,7946234.2334,29562.0,TELSARTA,NAVIGATORS,217600.0,4
2024,11,TREATAN,METABOLIZERS,12212154.8711,29356.0,TREATAN,METABOLIZERS,189479.0,6
2024,11,XILICA,TITANS,13123786.5259,32641.0,XILICA,TITANS,450107.0,7
2024,11,ZILERO,CHAMPIONS,1116300.4185,1342.0,ZILERO,CHAMPIONS,237499.2,6
2024,12,ANPLAG,CHAMPIONS,28128452.58,20763.0,ANPLAG,CHAMPIONS,650514.01,12
2024,12,AVSAR PLUS,BRAVO,45943364.401,102184.0,AVSAR PLUS,BRAVO,1329235.32,12
2024,12,DIPOF,MAVERICKS,2115216.5436,9172.0,DIPOF,MAVERICKS,505416.0,3
2024,12,DUZALTA,MAVERICKS,17835545.9685,30640.0,DUZALTA,MAVERICKS,231172.0,3
2024,12,ERLI,BRAVO,16954678.4788,39897.0,ERLI,BRAVO,266868.52,6
2024,12,ESTAR,TITANS,33788889.1197,77956.0,ESTAR,TITANS,1369911.85,24
2024,12,EVOPRIDE PLUS,WINNERS,21414326.083,47060.0,EVOPRIDE PLUS,WINNERS,129800.0,1
2024,12,FEMOVA,GLADIATORS,13525555.7442,12597.0,FEMOVA,GLADIATORS,652178.0,14
2024,12,FERFER,GLADIATORS,14628764.0002,19466.0,FERFER,GLADIATORS,955582.3,20
2024,12,INOSITA PLUS,METABOLIZERS,99664714.0761,96229.0,INOSITA PLUS,METABOLIZERS,604235.0,6
2024,12,INOSITA PLUS,WINNERS,33756581.11523,55708.0,INOSITA PLUS,WINNERS,696400.0,7
2024,12,KALSOB,BONE SAVIORS,25253645.5945,40622.0,KALSOB,BONE SAVIORS,713507.2,13
2024,12,KLEVRA,MAVERICKS,8880321.1728,8949.0,KLEVRA,MAVERICKS,69687.0,1
2024,12,LOWPLAT,CHALLENGERS,80371306.68096001,341049.0,LOWPLAT,CHALLENGERS,413916.0,9
2024,12,NISE,BONE SAVIORS,64813700.2315,250009.0,NISE,BONE SAVIORS,1126048.2,21
2024,12,ONITA,ELITE,13876979.725,11764.0,ONITA,ELITE,1463276.5899999999,30
2024,12,OPT-D,ELITE,32181253.7939,129594.0,OPT-D,ELITE,122875.0,2
2024,12,ORSLIM,WARRIORS,63959584.375,29448.0,ORSLIM,WARRIORS,1228811.2,20
2024,12,PARIDOPA,TITANS,8704904.4905,5548.0,PARIDOPA,TITANS,913890.0,9
2024,12,RAMIPACE,CHAMPIONS,35872242.9856,58044.0,RAMIPACE,CHAMPIONS,497709.98,8
2024,12,SACVIN,ALPHA,42295954.992,30110.0,SACVIN,ALPHA,3966192.3,39
2024,12,SHEVIT,WARRIORS,8279872.206999999,16735.0,SHEVIT,WARRIORS,520250.5,15
2024,12,TELSARTA,NAVIGATORS,8638031.7317,32428.0,TELSARTA,NAVIGATORS,24928.0,1
2024,12,TREATAN,METABOLIZERS,12744925.0593,31472.0,TREATAN,METABOLIZERS,723352.0,6
2024,12,VOXAMINE,TITANS,7835926.5429,17152.0,VOXAMINE,TITANS,71460.0,1
2025,1,AGOVIZ,MAVERICKS,4183238.5555,5916.0,AGOVIZ,MAVERICKS,232250.0,4
2025,1,ANPLAG,CHAMPIONS,31105790.782,22745.0,ANPLAG,CHAMPIONS,468820.0,2
2025,1,ARBI,WINNERS,4446859.5008,12568.0,ARBI,WINNERS,171775.98,13
2025,1,AVSAR,CHALLENGERS,155996432.101,342270.0,AVSAR,CHALLENGERS,4811889.92,46
2025,1,AVSAR PLUS,BRAVO,50856833.407400005,112924.0,AVSAR PLUS,BRAVO,1193506.8,19
2025,1,BYVAS,LEGENDS,31621678.0397,111960.0,BYVAS,LEGENDS,2143498.05,41
2025,1,DAPWIZ,LEGENDS,8604721.045,27649.0,DAPWIZ,LEGENDS,38675.0,1
2025,1,DIPOF,MAVERICKS,2330632.7806,10127.0,DIPOF,MAVERICKS,755173.46,10
2025,1,DUZALTA,MAVERICKS,17978705.3374,30832.0,DUZALTA,MAVERICKS,943768.56,13
2025,1,ERLI,BRAVO,18367019.5337,43354.0,ERLI,BRAVO,449349.8,11
2025,1,ESTAR,MAVERICKS,14246893.7467,48445.0,ESTAR,MAVERICKS,215186.0,3
2025,1,ESTAR,TITANS,35345950.3608,81521.0,ESTAR,TITANS,1417225.0,7
2025,1,EVOKALM,MAVERICKS,9540263.1694,35600.0,EVOKALM,MAVERICKS,206235.0,5
2025,1,EVOPRIDE,WINNERS,17255909.5639,29217.0,EVOPRIDE,WINNERS,190855.5,4
2025,1,EVOPRIDE PLUS,WINNERS,25537834.5777,61994.0,EVOPRIDE PLUS,WINNERS,1072916.2,3
2025,1,FEMOVA,GLADIATORS,13219745.0314,12317.0,FEMOVA,GLADIATORS,866361.7,18
2025,1,FERFER,GLADIATORS,15146234.2177,20163.0,FERFER,GLADIATORS,2050913.3,41
2025,1,INOSITA PLUS,METABOLIZERS,99316108.8746,95389.0,INOSITA PLUS,METABOLIZERS,3073111.2,17
2025,1,KALSOB,BONE SAVIORS,26475341.0519,42597.0,KALSOB,BONE SAVIORS,760918.5,9
2025,1,KLEVRA,MAVERICKS,9151461.5718,8969.0,KLEVRA,MAVERICKS,469321.08999999997,8
2025,1,LOWPLAT,CHALLENGERS,82849462.00000001,351436.0,LOWPLAT,CHALLENGERS,523375.0,6
2025,1,LOWPLAT PLUS,LEGENDS,112796008.9758,446806.0,LOWPLAT PLUS,LEGENDS,902770.0,10
2025,1,NISE,BONE SAVIORS,65321991.7615,251774.0,NISE,BONE SAVIORS,4401814.2,36
2025,1,ONITA,ELITE,14972866.4925,12696.0,ONITA,ELITE,2832207.9000000004,46
2025,1,OPT-D,ELITE,33945880.4231,144372.0,OPT-D,ELITE,157500.0,1
2025,1,ORSLIM,WARRIORS,63598327.7,29270.0,ORSLIM,WARRIORS,504398.77,16
2025,1,PARIDOPA,TITANS,7617191.2365,5013.0,PARIDOPA,TITANS,480000.0,2
2025,1,RAMIPACE,CHAMPIONS,38397718.9812,62041.0,RAMIPACE,CHAMPIONS,206925.0,2
2025,1,SACVIN,ALPHA,47192152.9755,33548.0,SACVIN,ALPHA,2517828.58,25
2025,1,SHEVIT,WARRIORS,7923412.648199999,16004.0,SHEVIT,WARRIORS,1541206.79,14
2025,1,SPARLIV,TITANS,4157305.9836,5268.0,SPARLIV,TITANS,581225.0,6
2025,1,TELSARTA-A,NAVIGATORS,22762579.0645,54365.0,TELSARTA-A,NAVIGATORS,353306.44,3
2025,1,TREATAN,METABOLIZERS,13271702.1023,31925.0,TREATAN,METABOLIZERS,1125975.0,6
2025,1,VOXAMINE,TITANS,8039204.9157,17546.0,VOXAMINE,TITANS,98040.0,1
2025,1,XILICA,TITANS,14776188.5695,36066.0,XILICA,TITANS,756460.0,10
2025,2,AGOVIZ,MAVERICKS,3710961.9958,5245.0,AGOVIZ,MAVERICKS,891127.0,11
2025,2,ANPLAG,CHAMPIONS,28296226.0595,20707.0,ANPLAG,CHAMPIONS,744275.0,9
2025,2,AVSAR,CHALLENGERS,150356138.665,330186.0,AVSAR,CHALLENGERS,93000.0,1
2025,2,DAPWIZ,LEGENDS,7364717.6327,23129.0,DAPWIZ,LEGENDS,1361991.0,21
2025,2,ESTAR,TITANS,36241758.329,83711.0,ESTAR,TITANS,252700.0,4
2025,2,FEMOVA,GLADIATORS,13703619.1061,12771.0,FEMOVA,GLADIATORS,1058310.0,12
2025,2,FERFER,GLADIATORS,15644863.1023,20828.0,FERFER,GLADIATORS,1723082.0,21
2025,2,INOSITA PLUS,METABOLIZERS,96997841.6616,93399.0,INOSITA PLUS,METABOLIZERS,1362270.0,17
2025,2,KALSOB,BONE SAVIORS,28357707.1309,45691.0,KALSOB,BONE SAVIORS,947740.0,6
2025,2,NISE,BONE SAVIORS,67786247.34200001,261329.0,NISE,BONE SAVIORS,3122365.8,36
2025,2,ONITA,ELITE,14602810.2375,12405.0,ONITA,ELITE,536021.0,7
2025,2,OPT-D,ELITE,34558888.5554,144613.0,OPT-D,ELITE,111892.0,2
2025,2,ORSLIM,WARRIORS,59854065.125,27558.0,ORSLIM,WARRIORS,522768.0,5
2025,2,RETZOLE,WARRIORS,4664123.4,2625.0,RETZOLE,WARRIORS,1022317.8,28
2025,2,SACVIN,ALPHA,46791197.0627,33383.0,SACVIN,ALPHA,3461056.0,53
2025,2,SHEVIT,WARRIORS,8771087.021399999,17740.0,SHEVIT,WARRIORS,580000.0,1
2025,2,SPARLIV,TITANS,4176177.7208,5293.0,SPARLIV,TITANS,932452.8,9
2025,2,TREATAN,METABOLIZERS,13132189.1236,31576.0,TREATAN,METABOLIZERS,4000.0,1
2025,2,ZIBES,ALPHA,5686048.4784,41175.0,ZIBES,ALPHA,103630.5,3
2025,3,ANPLAG,CHAMPIONS,31117102.985,22828.0,ANPLAG,CHAMPIONS,397660.0,2
2025,3,AVSAR,CHALLENGERS,160057032.3054,352044.0,AVSAR,CHALLENGERS,2996444.17,40
2025,3,AVSAR PLUS,BRAVO,51739741.7551,115036.0,AVSAR PLUS,BRAVO,1584914.0,20
2025,3,DAPWIZ PLUS XR,LEGENDS,1780902.388,4011.0,DAPWIZ PLUS XR,LEGENDS,99120.0,1
2025,3,ERLINA,WINNERS,21239195.147,36432.0,ERLINA,WINNERS,72914.0,2
2025,3,ESTAR,TITANS,32332578.36,74653.0,ESTAR,TITANS,135416.0,1
2025,3,EVOPRIDE,WINNERS,17554996.6504,29525.0,EVOPRIDE,WINNERS,69000.0,1
2025,3,EVOPRIDE PLUS,WINNERS,23716726.9664,55385.0,EVOPRIDE PLUS,WINNERS,19500.0,2
2025,3,FEMOVA,GLADIATORS,12970553.9787,12090.0,FEMOVA,GLADIATORS,1398579.2,25
2025,3,FERFER,GLADIATORS,16084491.0871,21428.0,FERFER,GLADIATORS,932042.5,21
2025,3,KALSOB,BONE SAVIORS,25824424.7007,41526.0,KALSOB,BONE SAVIORS,291179.5,3
2025,3,NISE,BONE SAVIORS,66862575.6325,257688.0,NISE,BONE SAVIORS,4212727.83,70
2025,3,ONITA,ELITE,13155461.3645,11144.0,ONITA,ELITE,273003.0,3
2025,3,OPT-D,ELITE,32430072.453,137040.0,OPT-D,ELITE,139353.0,2
2025,3,ORSLIM,WARRIORS,54634949.376,25165.0,ORSLIM,WARRIORS,111000.0,1
2025,3,RETZOLE,WARRIORS,4066920.2,2287.0,RETZOLE,WARRIORS,1144401.2,11
2025,3,SACVIN,ALPHA,48538665.6614,34712.0,SACVIN,ALPHA,3174871.37,30
2025,3,TELSARTA-A,NAVIGATORS,25180163.9203,59815.0,TELSARTA-A,NAVIGATORS,390417.0,9
2025,3,XILICA,TITANS,12984816.56,31900.0,XILICA,TITANS,135416.0,1
2025,4,AVSAR,CHALLENGERS,146041020.6607,320887.0,AVSAR,CHALLENGERS,554372.0,6
2025,4,FEMOVA,GLADIATORS,13813479.0412,12858.0,FEMOVA,GLADIATORS,61516.0,1
2025,4,KALSOB,BONE SAVIORS,27824847.7694,44808.0,KALSOB,BONE SAVIORS,3043437.49,41
2025,4,NISE,BONE SAVIORS,66538114.1525,256665.0,NISE,BONE SAVIORS,1009458.05,18
2025,4,OPT-D,ELITE,34436646.9113,146666.0,OPT-D,ELITE,29510.0,1
2025,4,SACVIN,ALPHA,47863351.0036,33913.0,SACVIN,ALPHA,236560.0,2
2025,4,THEWRIL,BONE SAVIORS,4427624.065,7482.0,THEWRIL,BONE SAVIORS,39800.0,1
2025,4,ZIBES,ALPHA,5757490.149,40826.0,ZIBES,ALPHA,103703.0,1
2025,4,ZILERO,CHAMPIONS,1350528.5669,1630.0,ZILERO,CHAMPIONS,1030030.47,16
2025,5,ANPLAG,CHAMPIONS,34524104.96,25312.0,ANPLAG,CHAMPIONS,154000.0,1
2025,5,AVSAR,CHALLENGERS,148615947.4491,326758.0,AVSAR,CHALLENGERS,260000.0,2
2025,5,DIPOF,MAVERICKS,2177549.1955,9740.0,DIPOF,MAVERICKS,2538262.0,32
2025,5,DUZALTA,MAVERICKS,18682224.9204,32094.0,DUZALTA,MAVERICKS,128350.0,1
2025,5,ERLINA,WINNERS,34165318.166,59081.0,ERLINA,WINNERS,989583.0,1
2025,5,FEMOVA,GLADIATORS,16481164.1697,15370.0,FEMOVA,GLADIATORS,678032.4,9
2025,5,GALVECTA,NAVIGATORS,557346.03,1655.0,GALVECTA,NAVIGATORS,78124.66,4
2025,5,INOSITA PLUS,METABOLIZERS,102694353.921,98726.0,INOSITA PLUS,METABOLIZERS,142500.0,1
2025,5,INOSITA PLUS,WINNERS,32447522.441,53184.0,INOSITA PLUS,WINNERS,989583.0,1
2025,5,KALSOB,BONE SAVIORS,31253041.9101,50305.0,KALSOB,BONE SAVIORS,2293640.5,32
2025,5,OPT-D,ELITE,41379027.2832,177414.0,OPT-D,ELITE,422681.0,8
2025,5,PARIDOPA,TITANS,9006599.6835,5745.0,PARIDOPA,TITANS,4628814.2,43
2025,5,SACVIN,ALPHA,51629690.175,36609.0,SACVIN,ALPHA,129800.0,1
2025,5,ZILERO,CHAMPIONS,1367407.835,1638.0,ZILERO,CHAMPIONS,472544.0,6
2025,6,ARBI,WINNERS,3971738.499,11238.0,ARBI,WINNERS,32600.0,1
2025,6,AVSAR PLUS,BRAVO,48536874.5943,108096.0,AVSAR PLUS,BRAVO,783565.94,1
2025,6,DUZALTA,MAVERICKS,16990254.304,29130.0,DUZALTA,MAVERICKS,60770.0,1
2025,6,ERLINA,WINNERS,21510323.048,36895.0,ERLINA,WINNERS,964568.5,17
2025,6,ESTAR,MAVERICKS,13252608.596,45062.0,ESTAR,MAVERICKS,1873500.0,1
2025,6,ESTAR,TITANS,34518777.57,79640.0,ESTAR,TITANS,492000.0,1
2025,6,EVOPRIDE PLUS,WINNERS,23273877.8425,54301.0,EVOPRIDE PLUS,WINNERS,161467.0,4
2025,6,FEMOVA,GLADIATORS,13671377.9891,12736.0,FEMOVA,GLADIATORS,250606.6,5
2025,6,INOSITA,METABOLIZERS,11303873.442,11315.0,INOSITA,METABOLIZERS,453000.0,1
2025,6,INOSITA PLUS,METABOLIZERS,97817685.9975,94159.0,INOSITA PLUS,METABOLIZERS,932533.0,5
2025,6,INOSITA PLUS,WINNERS,37424126.96,62032.0,INOSITA PLUS,WINNERS,260000.0,4
2025,6,KALSOB,BONE SAVIORS,28753379.0023,46262.0,KALSOB,BONE SAVIORS,2838818.55,52
2025,6,KLEVRA,MAVERICKS,7973915.727200001,7850.0,KLEVRA,MAVERICKS,60770.0,1
2025,6,OPT-D,ELITE,33846119.619500004,146203.0,OPT-D,ELITE,177690.0,2
2025,6,PARIDOPA,TITANS,8153569.051,5259.0,PARIDOPA,TITANS,745500.0,3
2025,6,SPARLIV,TITANS,3493361.1645,4427.0,SPARLIV,TITANS,492000.0,1
2025,6,TELSARTA,NAVIGATORS,8286349.1198,30933.0,TELSARTA,NAVIGATORS,60000.0,2
2025,6,TELSARTA-A,NAVIGATORS,19850134.827,47192.0,TELSARTA-A,NAVIGATORS,515406.6,12
2025,6,TREATAN,METABOLIZERS,11841847.7396,28635.0,TREATAN,METABOLIZERS,453000.0,1
2025,6,URITREAT,ELITE,1400851.0,1659.0,URITREAT,ELITE,790022.05,10
2025,6,XILICA,TITANS,12388519.104,30771.0,XILICA,TITANS,492000.0,1
2025,6,ZILERO,CHAMPIONS,1242371.067,1493.0,ZILERO,CHAMPIONS,548359.99,9
2025,7,ANPLAG,CHAMPIONS,38021172.73,27727.0,ANPLAG,CHAMPIONS,4350819.4,44
2025,7,ARBI,WINNERS,4395341.0991,12403.0,ARBI,WINNERS,1292054.0,14
2025,7,AVSAR,CHALLENGERS,157536013.5275,348334.0,AVSAR,CHALLENGERS,19888829.9,167
2025,7,AVSAR PLUS,BRAVO,52424258.9665,116453.0,AVSAR PLUS,BRAVO,4104879.0,54
2025,7,BYVAS,LEGENDS,31987927.526,113117.0,BYVAS,LEGENDS,8886928.05,119
2025,7,DAPWIZ,LEGENDS,8318378.6985,26182.0,DAPWIZ,LEGENDS,2413018.82,38
2025,7,DAPWIZ PLUS XR,LEGENDS,3120529.741,6980.0,DAPWIZ PLUS XR,LEGENDS,1092215.8,16
2025,7,DUZALTA,MAVERICKS,20141932.415,34571.0,DUZALTA,MAVERICKS,1525790.15,21
2025,7,ERLI,BRAVO,21457279.8822,50722.0,ERLI,BRAVO,3029902.0,34
2025,7,ERLINA,WINNERS,26656622.033,45856.0,ERLINA,WINNERS,5651972.92,72
2025,7,ERLINA PLUS XR,NAVIGATORS,6031935.784,22544.0,ERLINA PLUS XR,NAVIGATORS,1555595.5,22
2025,7,ESTAR,MAVERICKS,16048814.9523,54578.0,ESTAR,MAVERICKS,377376.0,5
2025,7,ESTAR,TITANS,40064330.7375,92537.0,ESTAR,TITANS,9510410.3,46
2025,7,EVOKALM,MAVERICKS,9439966.8763,35743.0,EVOKALM,MAVERICKS,2161954.5,20
2025,7,EVOPRIDE,WINNERS,17979082.9389,30639.0,EVOPRIDE,WINNERS,320710.0,8
2025,7,EVOPRIDE PLUS,WINNERS,24747218.5088,57814.0,EVOPRIDE PLUS,WINNERS,74074.0,2
2025,7,FEMOVA,GLADIATORS,17548896.1369,16362.0,FEMOVA,GLADIATORS,4948532.1,58
2025,7,FERFER,GLADIATORS,23585603.7198,31388.0,FERFER,GLADIATORS,8629653.07,87
2025,7,GALVECTA,NAVIGATORS,534621.9696,1582.0,GALVECTA,NAVIGATORS,137500.0,1
2025,7,INOSITA,METABOLIZERS,14562365.2,14121.0,INOSITA,METABOLIZERS,1881155.0,6
2025,7,INOSITA PLUS,METABOLIZERS,115147352.732,111241.0,INOSITA PLUS,METABOLIZERS,11998972.1,85
2025,7,INOSITA PLUS,WINNERS,38223195.1975,63009.0,INOSITA PLUS,WINNERS,1781600.0,6
2025,7,KALSOB,BONE SAVIORS,34356512.4688,55273.0,KALSOB,BONE SAVIORS,3208862.3600000003,41
2025,7,KLEVRA,MAVERICKS,8990991.2409,8960.0,KLEVRA,MAVERICKS,516820.2,5
2025,7,LOWPLAT,CHALLENGERS,88575941.26910001,375778.0,LOWPLAT,CHALLENGERS,1928890.4,15
2025,7,LOWPLAT PLUS,LEGENDS,116170384.0589,460360.0,LOWPLAT PLUS,LEGENDS,9193779.75,99
2025,7,NISE,BONE SAVIORS,69246847.8735,266974.0,NISE,BONE SAVIORS,8797482.36,75
2025,7,ONITA,ELITE,15224758.85,12902.0,ONITA,ELITE,849298.0,8
2025,7,OPT-D,ELITE,41217405.1287,175748.0,OPT-D,ELITE,3159555.0,44
2025,7,ORSLIM,WARRIORS,71906299.95,33105.0,ORSLIM,WARRIORS,6116479.95,85
2025,7,PARIDOPA,TITANS,9212963.5415,5918.0,PARIDOPA,TITANS,157875.6,1
2025,7,RAMIPACE,CHAMPIONS,35123346.590900004,57251.0,RAMIPACE,CHAMPIONS,797274.0,8
2025,7,RETZOLE,WARRIORS,6408159.35,3612.0,RETZOLE,WARRIORS,2249038.0,25
2025,7,SACVIN,ALPHA,52903680.6177,37570.0,SACVIN,ALPHA,3799250.6,42
2025,7,SHEVIT,WARRIORS,10736646.350799998,21703.0,SHEVIT,WARRIORS,3092979.0,33
2025,7,SPARLIV,TITANS,4008045.072,5083.0,SPARLIV,TITANS,758272.0,7
2025,7,TELSARTA,NAVIGATORS,9190232.3182,34534.0,TELSARTA,NAVIGATORS,181425.0,5
2025,7,TELSARTA-A,NAVIGATORS,21457244.0166,50945.0,TELSARTA-A,NAVIGATORS,581162.0,5
2025,7,TREATAN,METABOLIZERS,13186371.7703,32149.0,TREATAN,METABOLIZERS,1036128.0,8
2025,7,URITREAT,ELITE,1602692.0,1895.0,URITREAT,ELITE,84656.0,1
2025,7,VOXAMINE,TITANS,8384914.7283,18585.0,VOXAMINE,TITANS,643629.0,9
2025,7,XCEPT,BRAVO,49361149.1846,88670.0,XCEPT,BRAVO,420140.0,5
2025,7,XILICA,TITANS,14905574.6782,36986.0,XILICA,TITANS,2876623.3,21
2025,7,ZIBES,ALPHA,6996557.832,49403.0,ZIBES,ALPHA,142914.0,4
2025,7,ZILERO,CHAMPIONS,1632123.8705,1958.0,ZILERO,CHAMPIONS,760682.4,6
2025,8,ANPLAG,CHAMPIONS,37998949.18,27766.0,ANPLAG,CHAMPIONS,2264404.4,30
2025,8,ARBI,WINNERS,4325529.6569,12162.0,ARBI,WINNERS,130427.0,3
2025,8,AVSAR,CHALLENGERS,152163220.9165,335920.0,AVSAR,CHALLENGERS,3554058.41,20
2025,8,AVSAR PLUS,BRAVO,50188586.718,111599.0,AVSAR PLUS,BRAVO,775662.7,12
2025,8,BYVAS,LEGENDS,31277260.671,111230.0,BYVAS,LEGENDS,1231072.0,10
2025,8,DAPWIZ,LEGENDS,7715089.5335,24413.0,DAPWIZ,LEGENDS,730282.0,6
2025,8,DAPWIZ PLUS XR,LEGENDS,2677073.214,6099.0,DAPWIZ PLUS XR,LEGENDS,509614.0,2
2025,8,DUZALTA,MAVERICKS,19182482.9703,32907.0,DUZALTA,MAVERICKS,786908.6,9
2025,8,ERLI,BRAVO,21256773.4125,50302.0,ERLI,BRAVO,649646.0,4
2025,8,ERLINA,WINNERS,22938188.672,39901.0,ERLINA,WINNERS,3311713.5,49
2025,8,ERLINA PLUS XR,NAVIGATORS,6743356.34,24265.0,ERLINA PLUS XR,NAVIGATORS,1335874.5,16
2025,8,ESTAR,TITANS,39619114.7787,91576.0,ESTAR,TITANS,3609021.7,33
2025,8,EVOKALM,MAVERICKS,9569748.0281,36042.0,EVOKALM,MAVERICKS,630335.0,4
2025,8,EVOPRIDE,WINNERS,15911055.1906,27323.0,EVOPRIDE,WINNERS,154000.0,1
2025,8,EVOPRIDE PLUS,WINNERS,23341077.2296,54539.0,EVOPRIDE PLUS,WINNERS,66470.0,2
2025,8,FEMOVA,GLADIATORS,17635920.6267,16445.0,FEMOVA,GLADIATORS,789728.0,10
2025,8,FERFER,GLADIATORS,22600446.1993,30073.0,FERFER,GLADIATORS,1750762.8,15
2025,8,GALVECTA,NAVIGATORS,497112.543,1467.0,GALVECTA,NAVIGATORS,325605.0,3
2025,8,INOSITA,METABOLIZERS,14598077.236,14300.0,INOSITA,METABOLIZERS,304352.1,4
2025,8,INOSITA PLUS,METABOLIZERS,104425458.7455,100214.0,INOSITA PLUS,METABOLIZERS,1388180.9,16
2025,8,INOSITA PLUS,WINNERS,36255964.5825,59768.0,INOSITA PLUS,WINNERS,1510417.0,1
2025,8,KALSOB,BONE SAVIORS,34345783.3595,55227.0,KALSOB,BONE SAVIORS,1591575.1,30
2025,8,LOWPLAT,CHALLENGERS,86269125.23470001,365796.0,LOWPLAT,CHALLENGERS,1336245.8,12
2025,8,LOWPLAT PLUS,LEGENDS,112524275.0375,445510.0,LOWPLAT PLUS,LEGENDS,1575013.0,7
2025,8,NISE,BONE SAVIORS,68139899.675,262799.0,NISE,BONE SAVIORS,3513169.4,56
2025,8,ONITA,ELITE,14261488.4875,12088.0,ONITA,ELITE,448620.01,5
2025,8,OPT-D,ELITE,44016799.1568,188212.0,OPT-D,ELITE,1460734.01,27
2025,8,ORSLIM,WARRIORS,72677159.85,33456.0,ORSLIM,WARRIORS,1859576.5,30
2025,8,PARIDOPA,TITANS,6429477.3985,4293.0,PARIDOPA,TITANS,1035408.4,7
2025,8,RETZOLE,WARRIORS,6162913.1,3474.0,RETZOLE,WARRIORS,2092123.0,22
2025,8,SACVIN,ALPHA,49095223.7005,34855.0,SACVIN,ALPHA,1766145.4,14
2025,8,SHEVIT,WARRIORS,6901220.784599999,13946.0,SHEVIT,WARRIORS,1980220.4,20
2025,8,SPARLIV,TITANS,4024720.8603,5108.0,SPARLIV,TITANS,1191189.5,15
2025,8,TELSARTA,NAVIGATORS,8323554.7666,31106.0,TELSARTA,NAVIGATORS,191086.0,2
2025,8,TELSARTA-A,NAVIGATORS,17445126.5883,41780.0,TELSARTA-A,NAVIGATORS,247335.2,4
2025,8,THEWRIL,BONE SAVIORS,5161360.9038,8714.0,THEWRIL,BONE SAVIORS,465531.0,4
2025,8,TREATAN,METABOLIZERS,12452898.3015,29907.0,TREATAN,METABOLIZERS,40000.0,1
2025,8,VOXAMINE,TITANS,8013591.8573,17814.0,VOXAMINE,TITANS,836299.0,6
2025,8,XCEPT,BRAVO,46041241.4144,84215.0,XCEPT,BRAVO,772408.0,6
2025,8,XILICA,TITANS,14705029.658,36817.0,XILICA,TITANS,1122503.0,7
2025,8,ZILERO,CHAMPIONS,1651558.7584,1977.0,ZILERO,CHAMPIONS,235979.0,1
2025,9,AGOVIZ,MAVERICKS,3723076.143,5265.0,AGOVIZ,MAVERICKS,627561.0,4
2025,9,ANPLAG,CHAMPIONS,40560473.4,29738.0,ANPLAG,CHAMPIONS,1230369.0,13
2025,9,AVSAR,CHALLENGERS,158246402.2745,349670.0,AVSAR,CHALLENGERS,5021322.32,56
2025,9,AVSAR PLUS,BRAVO,52488649.964,116826.0,AVSAR PLUS,BRAVO,225347.0,2
2025,9,DAPWIZ,LEGENDS,8222083.948,25861.0,DAPWIZ,LEGENDS,1217718.0,8
2025,9,ERLI,BRAVO,22722946.6759,53743.0,ERLI,BRAVO,80000.0,1
2025,9,ERLINA,WINNERS,18371773.0168,32702.0,ERLINA,WINNERS,829689.0,10
2025,9,ESTAR,MAVERICKS,16989534.963800002,57792.0,ESTAR,MAVERICKS,398876.0,1
2025,9,ESTAR,TITANS,40954211.3275,94829.0,ESTAR,TITANS,868743.6,10
2025,9,EVOPRIDE,WINNERS,15900951.0501,27389.0,EVOPRIDE,WINNERS,239128.3,5
2025,9,FEMOVA,GLADIATORS,18305016.1254,17091.0,FEMOVA,GLADIATORS,1429143.0,7
2025,9,FERFER,GLADIATORS,25627900.4497,34112.0,FERFER,GLADIATORS,528529.75,8
2025,9,GALVECTA,NAVIGATORS,501803.6752,1480.0,GALVECTA,NAVIGATORS,42552.0,2
2025,9,INOSITA,METABOLIZERS,15288385.6405,14988.0,INOSITA,METABOLIZERS,1449749.49,12
2025,9,INOSITA PLUS,METABOLIZERS,111403379.8219,107577.0,INOSITA PLUS,METABOLIZERS,2825727.4,31
2025,9,INOSITA PLUS,WINNERS,38309359.9132,63271.0,INOSITA PLUS,WINNERS,105000.0,1
2025,9,KALSOB,BONE SAVIORS,24227206.0328,38982.0,KALSOB,BONE SAVIORS,1168724.6,21
2025,9,KLEVRA,MAVERICKS,9797635.7844,9539.0,KLEVRA,MAVERICKS,360000.0,1
2025,9,LOWPLAT,CHALLENGERS,87417029.88090001,370899.0,LOWPLAT,CHALLENGERS,401794.0,7
2025,9,LOWPLAT PLUS,LEGENDS,116515236.116,461944.0,LOWPLAT PLUS,LEGENDS,21240.0,2
2025,9,NISE,BONE SAVIORS,73739055.3795,284301.0,NISE,BONE SAVIORS,1460992.8,24
2025,9,ONITA,ELITE,14817687.9,12573.0,ONITA,ELITE,420475.0,5
2025,9,ORSLIM,WARRIORS,76731919.737,35329.0,ORSLIM,WARRIORS,1760189.0,9
2025,9,RETZOLE,WARRIORS,6281272.2,3540.0,RETZOLE,WARRIORS,1464389.0,12
2025,9,SACVIN,ALPHA,49794765.512600005,35629.0,SACVIN,ALPHA,9453235.5,7
2025,9,SHEVIT,WARRIORS,9443966.6102,19114.0,SHEVIT,WARRIORS,1067055.4,17
2025,9,SPARLIV,TITANS,4085858.7519,5180.0,SPARLIV,TITANS,161000.0,1
2025,9,THEWRIL,BONE SAVIORS,5316879.8625,8967.0,THEWRIL,BONE SAVIORS,356081.0,5
2025,9,TREATAN,METABOLIZERS,12426531.2708,30143.0,TREATAN,METABOLIZERS,111414.0,2
2025,9,URITREAT,ELITE,1546124.5,1829.0,URITREAT,ELITE,85970.0,2
2025,9,XCEPT,BRAVO,48641663.9572,87445.0,XCEPT,BRAVO,898119.0,4
2025,9,XILICA,TITANS,14465670.6571,36052.0,XILICA,TITANS,478398.8,4
2025,9,ZIBES,ALPHA,7196708.4264,52378.0,ZIBES,ALPHA,1290480.0,20
2025,9,ZILERO,CHAMPIONS,1769297.1,2117.0,ZILERO,CHAMPIONS,112850.0,3
2025,10,AGOVIZ,MAVERICKS,4461618.8475,6319.0,AGOVIZ,MAVERICKS,135000.0,1
2025,10,ANPLAG,CHAMPIONS,42083971.505,30670.0,ANPLAG,CHAMPIONS,1512457.0,23
2025,10,ARBI,WINNERS,4147732.6846,11681.0,ARBI,WINNERS,117960.0,2
2025,10,AVSAR,CHALLENGERS,161863288.652,357466.0,AVSAR,CHALLENGERS,8813461.3,79
2025,10,AVSAR PLUS,BRAVO,53918341.2716,119847.0,AVSAR PLUS,BRAVO,3385839.0,30
2025,10,BYVAS,LEGENDS,32959055.1347,117252.0,BYVAS,LEGENDS,3687072.0,52
2025,10,DUZALTA,MAVERICKS,19183473.5633,32937.0,DUZALTA,MAVERICKS,1228191.5,12
2025,10,ERLI,BRAVO,23062098.0291,54621.0,ERLI,BRAVO,210058.0,7
2025,10,ERLINA,WINNERS,33260553.193,56638.0,ERLINA,WINNERS,3482955.5,27
2025,10,ESTAR,MAVERICKS,16697724.9749,56730.0,ESTAR,MAVERICKS,1224500.0,8
2025,10,ESTAR,TITANS,41262194.4772,95585.0,ESTAR,TITANS,2701177.3,25
2025,10,EVOKALM,MAVERICKS,9833655.9392,36888.0,EVOKALM,MAVERICKS,724894.0,8
2025,10,EVOPRIDE,WINNERS,15993219.8123,27600.0,EVOPRIDE,WINNERS,201053.0,3
2025,10,EVOPRIDE PLUS,WINNERS,24386358.6988,56811.0,EVOPRIDE PLUS,WINNERS,231840.0,5
2025,10,FEMOVA,GLADIATORS,18378155.3321,17139.0,FEMOVA,GLADIATORS,2314545.5,23
2025,10,FERFER,GLADIATORS,23044340.6148,30672.0,FERFER,GLADIATORS,2180135.5,28
2025,10,INOSITA,METABOLIZERS,14641510.555,14327.0,INOSITA,METABOLIZERS,353327.1,6
2025,10,INOSITA PLUS,METABOLIZERS,106019953.4669,102159.0,INOSITA PLUS,METABOLIZERS,3437118.9,32
2025,10,INOSITA PLUS,WINNERS,37629687.7271,62496.0,INOSITA PLUS,WINNERS,1887018.0,5
2025,10,KALSOB,BONE SAVIORS,40269623.6665,64769.0,KALSOB,BONE SAVIORS,1976442.89,38
2025,10,KLEVRA,MAVERICKS,9868394.6723,9772.0,KLEVRA,MAVERICKS,195221.0,2
2025,10,LOWPLAT,CHALLENGERS,89232199.13050002,378088.0,LOWPLAT,CHALLENGERS,3284676.0,6
2025,10,LOWPLAT PLUS,LEGENDS,114905208.288,455151.0,LOWPLAT PLUS,LEGENDS,6705651.63,61
2025,10,NISE,BONE SAVIORS,75020579.31300001,289384.0,NISE,BONE SAVIORS,7075823.15,93
2025,10,ONITA,ELITE,14463600.0,12247.0,ONITA,ELITE,375227.0,5
2025,10,OPT-D,ELITE,42631568.9986,178623.0,OPT-D,ELITE,2190720.8,23
2025,10,ORSLIM,WARRIORS,79251418.3335,36459.0,ORSLIM,WARRIORS,2680784.44,20
2025,10,RETZOLE,WARRIORS,6092630.85,3429.0,RETZOLE,WARRIORS,1089313.0,15
2025,10,SACVIN,ALPHA,52056331.6571,37387.0,SACVIN,ALPHA,3645556.44,30
2025,10,SHEVIT,WARRIORS,12091596.347399998,24452.0,SHEVIT,WARRIORS,2009629.6,22
2025,10,SPARLIV,TITANS,4315791.5608,5477.0,SPARLIV,TITANS,423100.0,5
2025,10,THEWRIL,BONE SAVIORS,5057895.6071,8544.0,THEWRIL,BONE SAVIORS,517685.0,9
2025,10,VOXAMINE,TITANS,8127432.1398,17923.0,VOXAMINE,TITANS,129800.0,1
2025,10,XCEPT,BRAVO,49887611.9185,89184.0,XCEPT,BRAVO,1919964.0,10
2025,10,XILICA,TITANS,14502957.5898,36122.0,XILICA,TITANS,1343616.0,12
2025,10,ZIBES,ALPHA,7251008.6332,50220.0,ZIBES,ALPHA,899399.5,10
2025,11,ANPLAG,CHAMPIONS,41388650.714,30239.0,ANPLAG,CHAMPIONS,1081300.0,8
2025,11,ARBI,WINNERS,3883443.9905,11002.0,ARBI,WINNERS,1510417.0,1
2025,11,AVSAR,CHALLENGERS,159230689.638,350728.0,AVSAR,CHALLENGERS,6605937.100000001,36
2025,11,AVSAR PLUS,BRAVO,53096711.3324,117981.0,AVSAR PLUS,BRAVO,945085.9,19
2025,11,ERLINA,WINNERS,25554471.264,43982.0,ERLINA,WINNERS,2670598.35,30
2025,11,ERLINA PLUS XR,NAVIGATORS,5660682.4350000005,21010.0,ERLINA PLUS XR,NAVIGATORS,660115.0,9
2025,11,ESTAR,MAVERICKS,16005964.0961,54408.0,ESTAR,MAVERICKS,347020.0,4
2025,11,ESTAR,TITANS,38188679.077,88453.0,ESTAR,TITANS,1243941.0,26
2025,11,EVOKALM,MAVERICKS,9280039.4217,34475.0,EVOKALM,MAVERICKS,783441.0,12
2025,11,EVOPRIDE,WINNERS,15362070.1532,25957.0,EVOPRIDE,WINNERS,31400.0,3
2025,11,EVOPRIDE PLUS,WINNERS,21825867.1886,50840.0,EVOPRIDE PLUS,WINNERS,17720.0,1
2025,11,FEMOVA,GLADIATORS,16730771.9537,15602.0,FEMOVA,GLADIATORS,1139022.2,11
2025,11,FERFER,GLADIATORS,19943444.6181,26556.0,FERFER,GLADIATORS,1300830.05,20
2025,11,INOSITA,METABOLIZERS,13523767.682,13409.0,INOSITA,METABOLIZERS,556424.0,3
2025,11,INOSITA PLUS,METABOLIZERS,97796242.3005,93912.0,INOSITA PLUS,METABOLIZERS,3634340.7,37
2025,11,INOSITA PLUS,WINNERS,35082083.5525,57948.0,INOSITA PLUS,WINNERS,2529617.0,5
2025,11,KALSOB,BONE SAVIORS,33612283.589,54089.0,KALSOB,BONE SAVIORS,5660179.3,23
2025,11,KLEVRA,MAVERICKS,9282104.3661,8342.0,KLEVRA,MAVERICKS,33000.0,1
2025,11,LOWPLAT,CHALLENGERS,86293471.60420002,366086.0,LOWPLAT,CHALLENGERS,69798.0,1
2025,11,LOWPLAT PLUS,LEGENDS,109931561.0271,435571.0,LOWPLAT PLUS,LEGENDS,123500.0,1
2025,11,NISE,BONE SAVIORS,70014968.775,270002.0,NISE,BONE SAVIORS,4293024.8,37
2025,11,ONITA,ELITE,14357074.6,12186.0,ONITA,ELITE,345668.0,1
2025,11,OPT-D,ELITE,39817314.0266,173785.0,OPT-D,ELITE,709388.0,7
2025,11,ORSLIM,WARRIORS,70927603.7775,32644.0,ORSLIM,WARRIORS,2603635.6,21
2025,11,PARIDOPA,TITANS,9835932.8685,6251.0,PARIDOPA,TITANS,519660.0,2
2025,11,RETZOLE,WARRIORS,2693255.6,1512.0,RETZOLE,WARRIORS,705787.0,9
2025,11,SACVIN,ALPHA,49513138.6455,35634.0,SACVIN,ALPHA,821396.0,9
2025,11,SHEVIT,WARRIORS,9898650.3567,20013.0,SHEVIT,WARRIORS,998230.6,7
2025,11,SPARLIV,TITANS,3831956.2362,4861.0,SPARLIV,TITANS,400000.0,1
2025,11,TELSARTA-A,NAVIGATORS,20906272.4718,49858.0,TELSARTA-A,NAVIGATORS,305765.0,5
2025,11,THEWRIL,BONE SAVIORS,5101131.009,8613.0,THEWRIL,BONE SAVIORS,399656.0,5
2025,11,TREATAN,METABOLIZERS,11867937.7947,28579.0,TREATAN,METABOLIZERS,1190679.0,9
2025,11,VOXAMINE,TITANS,7486081.5504,16503.0,VOXAMINE,TITANS,93250.0,3
2025,11,XCEPT,BRAVO,48984266.5591,88117.0,XCEPT,BRAVO,100254.9,3
2025,11,XILICA,TITANS,13867546.1338,34267.0,XILICA,TITANS,1107969.0,16
2025,11,ZIBES,ALPHA,6984187.43,47608.0,ZIBES,ALPHA,284109.14,6
2025,12,ANPLAG,CHAMPIONS,47987705.6595,34815.0,ANPLAG,CHAMPIONS,3644089.0,28
2025,12,ARBI,WINNERS,4402675.4317,12485.0,ARBI,WINNERS,125499.4,3
2025,12,AVSAR,CHALLENGERS,176688339.72300002,389464.0,AVSAR,CHALLENGERS,9392056.86,56
2025,12,AVSAR PLUS,BRAVO,58394152.05850001,129854.0,AVSAR PLUS,BRAVO,850953.5,14
2025,12,DAPWIZ PLUS XR,LEGENDS,2502883.8955,5488.0,DAPWIZ PLUS XR,LEGENDS,1692428.1,20
2025,12,ERLINA,WINNERS,27899773.958,48021.0,ERLINA,WINNERS,44840.0,4
2025,12,ESTAR,MAVERICKS,17353479.0573,59004.0,ESTAR,MAVERICKS,1164415.0,12
2025,12,ESTAR,TITANS,41792474.8625,96685.0,ESTAR,TITANS,2801515.38,17
2025,12,EVOKALM,MAVERICKS,10665991.7268,40041.0,EVOKALM,MAVERICKS,1816934.4,22
2025,12,EVOPRIDE,WINNERS,13972911.6801,25745.0,EVOPRIDE,WINNERS,444676.36,10
2025,12,EVOPRIDE PLUS,WINNERS,23582967.6429,54820.0,EVOPRIDE PLUS,WINNERS,3101854.5,20
2025,12,FEMOVA,GLADIATORS,16622672.3588,15513.0,FEMOVA,GLADIATORS,1336512.35,15
2025,12,FERFER,GLADIATORS,19336016.1204,25744.0,FERFER,GLADIATORS,1813327.5,20
2025,12,INOSITA,METABOLIZERS,14880093.03,14431.0,INOSITA,METABOLIZERS,548250.0,3
2025,12,INOSITA PLUS,METABOLIZERS,111631490.8715,108076.0,INOSITA PLUS,METABOLIZERS,5762123.36,31
2025,12,KALSOB,BONE SAVIORS,34374300.6555,55352.0,KALSOB,BONE SAVIORS,1069042.1,21
2025,12,NISE,BONE SAVIORS,70936857.626,273645.0,NISE,BONE SAVIORS,2267624.2800000003,25
2025,12,OPT-D,ELITE,39769582.4542,172177.0,OPT-D,ELITE,151606.0,1
2025,12,ORSLIM,WARRIORS,68133060.691,31356.0,ORSLIM,WARRIORS,218857.4,6
2025,12,PARIDOPA,TITANS,11692781.579,7138.0,PARIDOPA,TITANS,105251.0,1
2025,12,RETZOLE,WARRIORS,4143840.1,2341.0,RETZOLE,WARRIORS,2118097.8,18
2025,12,SPARLIV,TITANS,3979715.0214,5043.0,SPARLIV,TITANS,216042.0,1
2025,12,THEWRIL,BONE SAVIORS,5013040.8095,8476.0,THEWRIL,BONE SAVIORS,1367552.5,18
2025,12,TREATAN,METABOLIZERS,12178911.9367,30470.0,TREATAN,METABOLIZERS,2639063.76,8
2025,12,VOXAMINE,TITANS,8077681.6144,17655.0,VOXAMINE,TITANS,635065.38,6
2025,12,XCEPT,BRAVO,51805219.594,92582.0,XCEPT,BRAVO,131330.0,2
2025,12,XILICA,TITANS,14552507.3484,35936.0,XILICA,TITANS,1742311.4,11
2025,12,ZIBES,ALPHA,7762320.4027,55405.0,ZIBES,ALPHA,440300.0,12
2025,12,ZILERO,CHAMPIONS,1980739.513,2368.0,ZILERO,CHAMPIONS,88400.0,1
2026,1,ANPLAG,CHAMPIONS,50054264.287,36451.0,ANPLAG,CHAMPIONS,7058895.0,19
2026,1,AVSAR,CHALLENGERS,181968047.0955,400885.0,AVSAR,CHALLENGERS,11224785.4,70
2026,1,AVSAR PLUS,BRAVO,60557677.0381,134456.0,AVSAR PLUS,BRAVO,1759225.3199999998,29
2026,1,BYVAS,LEGENDS,35714504.042,127359.0,BYVAS,LEGENDS,416837.0,5
2026,1,ERLINA,WINNERS,19377169.602,30381.0,ERLINA,WINNERS,3850332.4,21
2026,1,ESTAR,MAVERICKS,17866943.2418,60709.0,ESTAR,MAVERICKS,150000.0,1
2026,1,ESTAR,TITANS,41397803.0542,95958.0,ESTAR,TITANS,1410312.02,14
2026,1,EVOPRIDE,WINNERS,17228941.0046,28665.0,EVOPRIDE,WINNERS,129832.24,6
2026,1,FEMOVA,GLADIATORS,14907455.3929,13899.0,FEMOVA,GLADIATORS,2905922.6,24
2026,1,FERFER,GLADIATORS,17165560.859,22877.0,FERFER,GLADIATORS,1674969.7,34
2026,1,INOSITA PLUS,METABOLIZERS,107460640.53,103584.0,INOSITA PLUS,METABOLIZERS,794538.0,8
2026,1,INOSITA PLUS,WINNERS,33877123.9515,55703.0,INOSITA PLUS,WINNERS,2368738.0,3
2026,1,KALSOB,BONE SAVIORS,34073815.6522,54859.0,KALSOB,BONE SAVIORS,883010.6,19
2026,1,NISE,BONE SAVIORS,63398556.598000005,244557.0,NISE,BONE SAVIORS,1339800.5,25
2026,1,OPT-D,ELITE,37678893.017,161045.0,OPT-D,ELITE,414831.0,5
2026,1,ORSLIM,WARRIORS,61894745.7715,28544.0,ORSLIM,WARRIORS,326520.2,5
2026,1,PARIDOPA,TITANS,10363025.6735,6543.0,PARIDOPA,TITANS,50400.0,1
2026,1,RETZOLE,WARRIORS,6123781.65,3457.0,RETZOLE,WARRIORS,1023074.74,24
2026,1,SACVIN,ALPHA,59103188.1808,42662.0,SACVIN,ALPHA,845877.0,9
2026,1,SHEVIT,WARRIORS,10179437.525099998,20589.0,SHEVIT,WARRIORS,1657468.8,16
2026,1,THEWRIL,BONE SAVIORS,4657131.725,7864.0,THEWRIL,BONE SAVIORS,2376996.1,17
2026,1,VOXAMINE,TITANS,7737132.0038,17476.0,VOXAMINE,TITANS,268000.0,1
2026,1,XCEPT,BRAVO,50714639.952,90940.0,XCEPT,BRAVO,611675.25,11
2026,1,XILICA,TITANS,14520891.8246,35801.0,XILICA,TITANS,574464.52,7
2026,1,ZIBES,ALPHA,7488046.6947,53765.0,ZIBES,ALPHA,132940.0,1
2026,2,ANPLAG,CHAMPIONS,48641971.2644,35403.0,ANPLAG,CHAMPIONS,2853284.0,23
2026,2,ARBI,WINNERS,4083245.1757,11532.0,ARBI,WINNERS,52584.0,1
2026,2,AVSAR,CHALLENGERS,181099074.9215,398278.0,AVSAR,CHALLENGERS,3559791.8,32
2026,2,AVSAR PLUS,BRAVO,60335403.299600005,134137.0,AVSAR PLUS,BRAVO,2608875.5,24
2026,2,BYVAS,LEGENDS,34944032.212,124048.0,BYVAS,LEGENDS,597767.0,5
2026,2,DAPWIZ,LEGENDS,7491073.4685,23638.0,DAPWIZ,LEGENDS,3062844.2,51
2026,2,ERLINA,WINNERS,34135228.302,60736.0,ERLINA,WINNERS,787585.3,14
2026,2,ERLINA PLUS XR,NAVIGATORS,6445038.096,23579.0,ERLINA PLUS XR,NAVIGATORS,211731.5,2
2026,2,ESTAR,MAVERICKS,16590368.3615,56388.0,ESTAR,MAVERICKS,1307095.3,18
2026,2,ESTAR,TITANS,38823869.7575,89905.0,ESTAR,TITANS,3714515.0,28
2026,2,EVOPRIDE,WINNERS,14995514.5882,25646.0,EVOPRIDE,WINNERS,274500.0,2
2026,2,EVOPRIDE PLUS,WINNERS,22512238.786,52350.0,EVOPRIDE PLUS,WINNERS,364117.5,3
2026,2,FEMOVA,GLADIATORS,13891793.1244,12958.0,FEMOVA,GLADIATORS,305636.28,7
2026,2,FERFER,GLADIATORS,17225124.1667,22948.0,FERFER,GLADIATORS,683405.7,15
2026,2,INOSITA,METABOLIZERS,14164106.1805,13573.0,INOSITA,METABOLIZERS,455000.0,1
2026,2,INOSITA PLUS,METABOLIZERS,99146779.7788,95219.0,INOSITA PLUS,METABOLIZERS,5125725.32,52
2026,2,KALSOB,BONE SAVIORS,34463066.422,55356.0,KALSOB,BONE SAVIORS,1751759.0699999998,44
2026,2,LOWPLAT,CHALLENGERS,89304945.11130002,378508.0,LOWPLAT,CHALLENGERS,63649.0,1
2026,2,LOWPLAT PLUS,LEGENDS,113839012.9489,451026.0,LOWPLAT PLUS,LEGENDS,53170.0,1
2026,2,NISE,BONE SAVIORS,65056477.302,250908.0,NISE,BONE SAVIORS,2360595.92,61
2026,2,PARIDOPA,TITANS,9064274.167,5739.0,PARIDOPA,TITANS,470907.0,3
2026,2,SACVIN,ALPHA,57568606.7073,41740.0,SACVIN,ALPHA,377728.0,4
2026,2,THEWRIL,BONE SAVIORS,5007399.42,8452.0,THEWRIL,BONE SAVIORS,1223183.8,15
2026,2,TREATAN,METABOLIZERS,12001792.1257,28963.0,TREATAN,METABOLIZERS,390000.0,1
2026,2,VOXAMINE,TITANS,7828419.4964,17289.0,VOXAMINE,TITANS,77180.0,1
2026,2,XCEPT,BRAVO,49598584.893,89378.0,XCEPT,BRAVO,395653.0,4
2026,2,XILICA,TITANS,13036672.6126,32382.0,XILICA,TITANS,1963075.5,19
2026,3,ANPLAG,CHAMPIONS,5977891.05,4362.0,ANPLAG,CHAMPIONS,240000.0,1
2026,3,ESTAR,TITANS,3396553.93,7896.0,ESTAR,TITANS,568911.2,2
2026,3,INOSITA PLUS,METABOLIZERS,10352936.821,9985.0,INOSITA PLUS,METABOLIZERS,1241025.0,3
2026,3,KALSOB,BONE SAVIORS,3193719.578,5146.0,KALSOB,BONE SAVIORS,225330.0,2
2026,3,NISE,BONE SAVIORS,6481923.489,25023.0,NISE,BONE SAVIORS,311330.0,6
2026,3,THEWRIL,BONE SAVIORS,464665.25,782.0,THEWRIL,BONE SAVIORS,151700.0,2
2026,3,TREATAN,METABOLIZERS,1594801.9676,3911.0,TREATAN,METABOLIZERS,348000.0,1
2026,3,XILICA,TITANS,1335110.4266,3301.0,XILICA,TITANS,568911.2,2
