Material Name,Category,Yr,Revenue,Qty,Invoices
ACOBMIN INJ. IV/IM CP (AFG) 1X10'S,Export,2024.0,21595.0,500.0,4
ACOBMIN INJ. IV/IM CP (AFG) 1X10'S,Export,2025.0,0.0,630.0,7
ACOBMIN TAB. CP 30'S (AFG) 1X30'S,Export,2024.0,0.0,0.0,3
ACOBMIN TAB. CP 30'S (AFG) 1X30'S,Export,2025.0,0.0,0.0,5
ACTIFLOR SAC. 250MG CP (AFG) 1X10'S,Export,2024.0,15188.75,2608.0,39
ACTIFLOR SAC. 250MG CP (AFG) 1X10'S,Export,2025.0,25584.26,1836.0,52
ACTIFLOR SAC. 250MG CP (MMR) 1X10'S,Export,2025.0,755.2,472.0,1
ACTIFLOR SAC. 250MG CP 1X10'S,Pharma,2024.0,53208756.03,148342.0,1046
ACTIFLOR SAC. 250MG CP 1X10'S,Pharma,2025.0,51170057.31,118712.0,725
ACTNISE CRM. 50GM CP 1X1'S,Herbal,2024.0,24049801.279999997,87199.0,759
ACTNISE CRM. 50GM CP 1X1'S,Herbal,2025.0,42724182.809999995,145130.0,1059
AD FOLIC OD TAB. 600MCG CP (AFG) 3X10’S,Export,2024.0,0.0,0.0,3
AD FOLIC OD TAB. 600MCG CP 3X10'S,Nutraceutical,2024.0,121846064.75,299762.0,1590
AD FOLIC OD TAB. 600MCG CP 3X10'S,Nutraceutical,2025.0,162801033.22,359772.0,1761
AD FOLIC TAB. CP  (UZB) 3X10’S,Export,2024.0,0.0,0.0,1
AD FOLIC TAB. CP  (UZB) 3X10’S,Export,2025.0,0.0,2036.0,12
AD FOLIC TAB. CP 30'S (AFG) 3X10’S,Export,2024.0,1318.08,131.0,10
AD FOLIC TAB. CP 30'S (AFG) 3X10’S,Export,2025.0,0.0,0.0,2
AD FOLIC TAB. CP 3X10'S,Nutraceutical,2024.0,77529737.48,271463.0,1375
AD FOLIC TAB. CP 3X10'S,Nutraceutical,2025.0,103558553.78,315236.0,1598
AD-D CHEWABLE TAB. 10000IU CP (AFG) 8'S,Export,2024.0,0.0,0.0,3
AD-D CHEWABLE TAB. 10000IU CP (AFG) 8'S,Export,2025.0,0.0,0.0,2
AD-D CHEWABLE TAB. 10000IU CP 1X8'S,Nutraceutical,2024.0,2389253.36,15881.0,314
AD-D CHEWABLE TAB. 10000IU CP 1X8'S,Nutraceutical,2025.0,2867183.37,18684.0,370
AD-D CHEWABLE TAB. 2000IU CP (AFG) 1X30’,Export,2024.0,0.0,0.0,3
AD-D CHEWABLE TAB. 2000IU CP (AFG) 1X30’,Export,2025.0,0.0,0.0,1
AD-D CHEWABLE TAB. 2000IU CP 1X30'S,Nutraceutical,2024.0,4517883.76,13856.0,292
AD-D CHEWABLE TAB. 2000IU CP 1X30'S,Nutraceutical,2025.0,4996100.16,14628.0,306
AGOVIZ TAB. 25MG CP 2X7'S,Pharma,2024.0,39222500.58,67128.0,694
AGOVIZ TAB. 25MG CP 2X7'S,Pharma,2025.0,39702567.01,62972.0,648
AIRCARE DPI DEVICE CP 1X1'S,Medical Device,2024.0,4343439.02,11443.0,156
AIRCARE PLUS DPI DEVICE CP (AFG) 1'S,Export,2025.0,0.0,0.0,1
AIRCARE PLUS DPI DEVICE CP 1X1'S,Medical Device,2024.0,5619561.94,17937.0,274
AIRCARE PLUS DPI DEVICE CP 1X1'S,Medical Device,2025.0,11085411.25,33782.0,514
AIREEZ SAC. 4MG CP (AFG) 1X14'S,Export,2024.0,6697.8,3083.0,14
AIREEZ SAC. 4MG CP (CMB),Export,2025.0,0.0,318.0,3
AIREEZ SAC. 4MG CP (VNM),Export,2024.0,263.52000000000004,244.0,7
AIREEZ SAC. 4MG CP (VNM),Export,2025.0,0.0,0.0,3
AIREEZ SAC. 4MG CP 1X14'S,Pharma,2024.0,15200002.48,61350.0,675
AIREEZ SAC. 4MG CP 1X14'S,Pharma,2025.0,17201670.65,61625.0,671
AIREEZ TAB. 10MG CP (AFG) 3X10'S,Export,2024.0,0.0,0.0,3
AIREEZ TAB. 10MG CP (IQ) 30'S,Export,2024.0,0.0,0.0,8
AIREEZ TAB. 10MG CP (IQ) 30'S,Export,2025.0,0.0,0.0,4
AIREEZ TAB. 10MG CP (KEN),Export,2025.0,0.0,328.0,3
AIREEZ TAB. 10MG CP (MDV) 30'S,Export,2025.0,712.5,825.0,2
AIREEZ TAB. 10MG CP 3X10'S,Pharma,2024.0,77864157.51,244262.0,1696
AIREEZ TAB. 10MG CP 3X10'S,Pharma,2025.0,135799375.65,252163.0,1625
AIREEZ TAB. 5MG CP (KEN),Export,2025.0,0.0,504.0,3
AIREEZ TAB. 5MG CP 3X10'S,Pharma,2024.0,4515231.51,16038.0,322
AIREEZ TAB. 5MG CP 3X10'S,Pharma,2025.0,7956561.8,19421.0,367
AIREEZ TAB.10MG CP PUNJAB GREEN 3X10'S,Pharma,2025.0,213267.08000000002,5233.0,40
ANEX TAB. 550MG CP (GTM) 1X2'S,Export,2024.0,0.0,0.0,1
ANEX TAB. 550MG CP (GTM) 3X10'S,Export,2024.0,4605.36,1857.0,8
ANEX-M TAB. 85/500MG CP (AFG) 1X2'S,Export,2024.0,0.0,0.0,1
ANEX-M TAB. 85/500MG CP (AFG) 1X2'S,Export,2025.0,29439.629999999997,681.0,4
ANEX-M TAB. 85/500MG CP 1X2'S,Pharma,2024.0,7288693.5,32528.0,299
ANEX-M TAB. 85/500MG CP 1X2'S,Pharma,2025.0,10441617.809999999,36835.0,404
ANPLAG TAB. 60MG CP 2X7'S,Pharma,2024.0,11832197.69,24384.0,278
ANPLAG TAB. 60MG CP 2X7'S,Pharma,2025.0,16685367.889999999,28773.0,332
ANPLAG TAB. 90MG 100X10'S RIC INST.GREEN,Pharma,2024.0,0.0,400.0,4
ANPLAG TAB. 90MG CP (GTM) 2'S,Export,2024.0,0.0,0.0,3
ANPLAG TAB. 90MG CP (GTM) 30'S,Export,2024.0,0.0,0.0,1
ANPLAG TAB. 90MG CP (IQ) 30'S,Export,2024.0,0.0,0.0,4
ANPLAG TAB. 90MG CP (SLK) 3X10'S,Export,2025.0,14543.36,1472.0,3
ANPLAG TAB. 90MG CP 2X10'S,Pharma,2024.0,26402491.72,201093.0,1423
ANPLAG TAB. 90MG CP 2X10'S,Pharma,2025.0,33348935.98,271778.0,1761
APREP CAP. 125MG CP 1'S,Pharma,2024.0,0.0,0.0,1
APREP CAP. 80MG CP 1X2'S,Pharma,2024.0,117600.0,800.0,3
APREP CAP. 80MG/125MG CP COMBO PACK,Pharma,2025.0,0.0,0.0,1
ARBI TAB. 150MG CP (CMB),Export,2025.0,0.0,0.0,1
ARBI TAB. 150MG CP (GTM) 1X2'S,Export,2024.0,0.0,0.0,3
ARBI TAB. 150MG CP (GTM) 1X2'S,Export,2025.0,0.0,0.0,2
ARBI TAB. 150MG CP (GTM) 3X10'S,Export,2024.0,1997.16,979.0,3
ARBI TAB. 150MG CP (GTM) 3X10'S,Export,2025.0,0.0,0.0,1
ARBI TAB. 150MG CP (IQ) 30'S,Export,2024.0,0.0,0.0,1
ARBI TAB. 150MG CP (SLK) 1X10'S,Export,2024.0,0.0,0.0,7
ARBI TAB. 150MG CP (SLK) 1X10'S,Export,2025.0,75.60000000000001,781.0,11
ARBI TAB. 150MG CP 1X10'S,Pharma,2024.0,26636865.150000002,107674.0,1033
ARBI TAB. 150MG CP 1X10'S,Pharma,2025.0,27571158.200000003,100998.0,1061
ARBI TAB. 150MG CP SPC (SLK) 1X10'S,Export,2024.0,0.0,0.0,8
ARBI TAB. 150MG CP SPC (SLK) 1X10'S,Export,2025.0,0.0,0.0,4
ARBI TAB. 150MG PS (SLK) 4'S,Export,2024.0,0.0,696.0,4
ARBI TAB. 150MG PS (SLK) 4'S,Export,2025.0,0.0,375.0,3
ARBI TAB. 300MG CP (CMB),Export,2025.0,0.0,0.0,1
ARBI TAB. 300MG CP (GTM) 1X2'S,Export,2024.0,0.0,0.0,3
ARBI TAB. 300MG CP (GTM) 1X2'S,Export,2025.0,0.0,0.0,4
ARBI TAB. 300MG CP (GTM) 3X10'S,Export,2024.0,1936.44,867.0,4
ARBI TAB. 300MG CP (GTM) 3X10'S,Export,2025.0,0.0,0.0,2
ARBI TAB. 300MG CP (IQ) 30'S,Export,2024.0,0.0,0.0,1
ARBI TAB. 300MG CP (SLK),Export,2024.0,735.69,537.0,8
ARBI TAB. 300MG CP (SLK),Export,2025.0,0.0,0.0,8
ARBI TAB. 300MG CP 1X10'S,Pharma,2024.0,16210289.42,45866.0,676
ARBI TAB. 300MG CP 1X10'S,Pharma,2025.0,16710256.36,44726.0,743
ARBI TAB. 300MG PS (SLK) 4'S,Export,2024.0,0.0,811.0,2
ARBI TAB. 300MG PS (SLK) 4'S,Export,2025.0,0.0,1285.0,8
ARBI-A TAB. 100/10MG CP 1X10'S,Pharma,2024.0,4502763.78,17904.0,231
ARBI-A TAB. 100/10MG CP 1X10'S,Pharma,2025.0,3701752.52,14171.0,194
ARBI-A TAB. 100/5MG CP 1X10'S,Pharma,2024.0,6101318.13,27724.0,355
ARBI-A TAB. 100/5MG CP 1X10'S,Pharma,2025.0,8850505.96,39063.0,467
ARBI-D TAB. 150/12.5MG CP (IQ) 30'S,Export,2024.0,1225.98,973.0,3
ARBI-D TAB. 150/12.5MG CP 1X10'S,Pharma,2024.0,41668611.71,137781.0,1104
ARBI-D TAB. 150/12.5MG CP 1X10'S,Pharma,2025.0,48136090.46,147586.0,1249
ARBI-D TAB. 150MG/12.5MG CP (GTM) 1X2'S,Export,2024.0,0.0,0.0,4
ARBI-D TAB. 150MG/12.5MG CP (GTM) 1X2'S,Export,2025.0,0.0,0.0,5
ARBI-D TAB. 150MG/12.5MG CP (GTM) 3X10'S,Export,2024.0,0.0,0.0,5
ARBI-D TAB. 150MG/12.5MG CP (GTM) 3X10'S,Export,2025.0,2331.79,929.0,5
ARBI-D TAB. 300/12.5MG CP (GTM) 1X2'S,Export,2025.0,0.0,0.0,2
ARBI-D TAB. 300/12.5MG CP (GTM) 30'S,Export,2025.0,0.0,0.0,1
ARBI-D TAB. 300/12.5MG CP (IQ) 30'S,Export,2024.0,0.0,0.0,4
ARBI-D TAB. 300/12.5MG CP 1X10'S,Pharma,2024.0,35330909.98,86289.0,923
ARBI-D TAB. 300/12.5MG CP 1X10'S,Pharma,2025.0,39224711.42,88521.0,1023
ARBI-D TAB. 300/25MG CP (IQ) 28'S,Export,2024.0,0.0,0.0,1
ARBI-D TAB. 300/25MG CP 2X7'S,Pharma,2024.0,7775723.67,12493.0,246
ARBI-D TAB. 300/25MG CP 2X7'S,Pharma,2025.0,7967297.220000001,11588.0,251
AVSAR PLUS 160/10/12.5MG CP (BDI) 4X7'S,Export,2024.0,0.0,0.0,1
AVSAR PLUS 160/5/12.5MG CP (BDI) 4X7'S,Export,2024.0,0.0,0.0,1
AVSAR PLUS TAB 160/10/12.5MG CP (GHN) 28,Export,2024.0,0.0,0.0,1
AVSAR PLUS TAB 160/5/12.5MG CP (GHN) 28S,Export,2024.0,1631.85,989.0,1
AVSAR PLUS TAB. 160/10/12.5MG CP (AFG),Export,2024.0,109031.87999999999,3658.0,10
AVSAR PLUS TAB. 160/10/12.5MG CP (AFG),Export,2025.0,0.0,0.0,6
AVSAR PLUS TAB. 160/10/12.5MG CP (KEN),Export,2025.0,22.11,311.0,3
AVSAR PLUS TAB. 160/10/12.5MG CP 4X7'S,Pharma,2024.0,122271295.96000001,357434.0,1869
AVSAR PLUS TAB. 160/10/12.5MG CP 4X7'S,Pharma,2025.0,173135730.74,446068.0,2036
AVSAR PLUS TAB. 160/10/12.5MG CP(ZM)28'S,Export,2025.0,0.0,158.0,2
AVSAR PLUS TAB. 160/10/25MG CP (AFG),Export,2024.0,124070.76,3201.0,6
AVSAR PLUS TAB. 160/10/25MG CP (AFG),Export,2025.0,87891.2,1984.0,2
AVSAR PLUS TAB. 160/10/25MG CP (GHN)28'S,Export,2024.0,0.0,0.0,1
AVSAR PLUS TAB. 160/10/25MG CP 4X7'S,Pharma,2024.0,37893415.29,111559.0,1226
AVSAR PLUS TAB. 160/10/25MG CP 4X7'S,Pharma,2025.0,49145487.89,129913.0,1407
AVSAR PLUS TAB. 160/5/12.5MG CP (AFG),Export,2024.0,88920.48000000001,2451.0,9
AVSAR PLUS TAB. 160/5/12.5MG CP (AFG),Export,2025.0,0.0,0.0,2
AVSAR PLUS TAB. 160/5/12.5MG CP (KEN),Export,2025.0,0.0,287.0,2
AVSAR PLUS TAB. 160/5/12.5MG CP 4X7'S,Pharma,2024.0,110987294.24,401022.0,1842
AVSAR PLUS TAB. 160/5/12.5MG CP 4X7'S,Pharma,2025.0,171494610.70999998,473735.0,2106
AVSAR PLUS TAB. 160/5/25MG CP (GHN) 28'S,Export,2024.0,1666.34,986.0,1
AVSAR PLUS TAB. 160/5/25MG CP 4X7'S,Pharma,2024.0,14393680.38,42618.0,678
AVSAR PLUS TAB. 160/5/25MG CP 4X7'S,Pharma,2025.0,18394911.119999997,50721.0,892
AVSAR PLUS TAB. 320/10/25MG CP (GTM) 2'S,Export,2024.0,0.0,0.0,1
AVSAR PLUS TAB. 320/10/25MG CP (GTM) 2'S,Export,2025.0,0.0,0.0,4
AVSAR PLUS TAB. 320/10/25MG CP (GTM) 28S,Export,2024.0,0.0,0.0,2
AVSAR PLUS TAB. 320/10/25MG CP (GTM) 28S,Export,2025.0,0.0,0.0,4
AVSAR PLUS TAB. 320/10/25MG CP 4X7'S,Pharma,2024.0,16377955.55,38505.0,742
AVSAR PLUS TAB. 320/10/25MG CP 4X7'S,Pharma,2025.0,22002746.01,49102.0,974
AVSAR TAB. 160/10MG (SWL) CP 4X7'S,Export,2024.0,9024.99,949.0,2
AVSAR TAB. 160/10MG (SWL) CP 4X7'S,Export,2025.0,0.0,239.0,4
AVSAR TAB. 160/10MG CP (AFG),Export,2024.0,0.0,0.0,8
AVSAR TAB. 160/10MG CP (AFG),Export,2025.0,232.56,6.0,13
AVSAR TAB. 160/10MG CP (GHN) 28'S,Export,2024.0,0.0,0.0,1
AVSAR TAB. 160/10MG CP (KEN),Export,2025.0,0.0,287.0,2
AVSAR TAB. 160/10MG CP (MDV) 14’S,Export,2025.0,570.0,825.0,2
AVSAR TAB. 160/10MG CP (NIG) 28'S,Export,2024.0,0.0,0.0,3
AVSAR TAB. 160/10MG CP (NIG) 28'S,Export,2025.0,0.0,0.0,6
AVSAR TAB. 160/10MG CP (PHL),Export,2025.0,0.0,0.0,1
AVSAR TAB. 160/10MG CP 2X7'S,Pharma,2024.0,181844325.28,466968.0,2036
AVSAR TAB. 160/10MG CP 2X7'S,Pharma,2025.0,253959386.0,531688.0,2230
AVSAR TAB. 160/5MG CP (AFG) 2X7'S,Export,2024.0,0.0,0.0,9
AVSAR TAB. 160/5MG CP (AFG) 2X7'S,Export,2025.0,0.0,0.0,6
AVSAR TAB. 160/5MG CP (CMB),Export,2025.0,0.0,0.0,1
AVSAR TAB. 160/5MG CP (GHN) 28'S,Export,2024.0,0.0,0.0,1
AVSAR TAB. 160/5MG CP (KEN),Export,2025.0,0.0,292.0,2
AVSAR TAB. 160/5MG CP (SLK) 4X7'S,Export,2024.0,0.0,0.0,1
AVSAR TAB. 160/5MG CP (SLK) 4X7'S,Export,2025.0,0.0,0.0,8
AVSAR TAB. 160/5MG CP (SWL) 28'S,Export,2024.0,0.0,0.0,1
AVSAR TAB. 160/5MG CP 2X7'S,Pharma,2024.0,141278657.09,439392.0,2040
AVSAR TAB. 160/5MG CP 2X7'S,Pharma,2025.0,214061367.64000002,542336.0,2356
AVSAR TAB. 160/5MG PS (SLK) 4'S,Export,2024.0,0.0,0.0,1
AVSAR TAB. 160/5MG PS (SLK) 4'S,Export,2025.0,0.0,0.0,3
AVSAR TAB. 80/5MG CP (AFG) 2X7'S,Export,2024.0,0.0,217.0,11
AVSAR TAB. 80/5MG CP (AFG) 2X7'S,Export,2025.0,0.0,0.0,7
AVSAR TAB. 80/5MG CP (CMB),Export,2024.0,0.0,0.0,1
AVSAR TAB. 80/5MG CP (CMB),Export,2025.0,0.0,0.0,1
AVSAR TAB. 80/5MG CP (PHL),Export,2024.0,0.0,0.0,1
AVSAR TAB. 80/5MG CP (PHL),Export,2025.0,0.0,0.0,1
AVSAR TAB. 80/5MG CP (SLK) 4X7'S,Export,2024.0,0.0,0.0,1
AVSAR TAB. 80/5MG CP (SLK) 4X7'S,Export,2025.0,5628.26,2609.0,8
AVSAR TAB. 80/5MG CP (SWL) 4X7'S,Export,2024.0,7371.0,975.0,3
AVSAR TAB. 80/5MG CP (SWL) 4X7'S,Export,2025.0,0.0,310.0,4
AVSAR TAB. 80/5MG CP 2X7'S,Pharma,2024.0,141844299.14,514646.0,2645
AVSAR TAB. 80/5MG CP 2X7'S,Pharma,2025.0,148144554.84,519773.0,2883
AVSAR TAB. 80/5MG INST. CP 7X152'S,Pharma,2024.0,0.0,187.97,1
AVSAR TAB. 80/5MG INST. CP 7X152'S,Pharma,2025.0,0.0,227.31,14
AVSAR TAB. 80/5MG PS (SLK) 4'S,Export,2024.0,0.0,0.0,1
AVSAR TAB. 80/5MG PS (SLK) 4'S,Export,2025.0,0.0,453.0,4
AXIFER INJ. 100MG/5ML CP 1X5'S,Pharma,2024.0,2223020.19,2471.0,48
AZOBACT SUSP. 200MG 15ML CP (AFG),Export,2024.0,0.0,0.0,4
AZOBACT TAB. 250MG CP (AFG) 2X6'S,Export,2024.0,16969.12,556.0,13
AZOBACT TAB. 250MG CP (AFG) 2X6'S,Export,2025.0,0.0,1077.0,15
AZOBACT TAB. 500MG CP (AFG) 1X6'S,Export,2024.0,24971.85,1621.0,11
AZOBACT TAB. 500MG CP (AFG) 1X6'S,Export,2025.0,31247.02,691.0,8
BANDRIO TAB. 150MG CP (GTM) 1X1'S,Export,2025.0,1678.5,1865.0,4
BEMPION EZ TAB. 180/10MG CP 1X10'S,Pharma,2025.0,4021544.25,10535.0,124
BEMPION TAB. 180MG CP 1X10'S,Pharma,2025.0,3659083.3,9890.0,110
BESTRIX INJ. 1000MG IV CP,Other,2024.0,0.0,0.0,25
BESTRIX INJ. 1000MG IV CP,Other,2025.0,0.0,0.0,23
BESTRIX INJ. 1000MG IV PS,Other,2024.0,0.0,0.0,5
BESTRIX INJ. 1000MG IV PS,Other,2025.0,0.0,0.0,5
BESTRIX INJ. 250MG IM CP,Other,2024.0,0.0,0.0,8
BESTRIX INJ. 250MG IM CP,Other,2025.0,0.0,0.0,13
BESTRIX INJ. 250MG IM PS,Other,2024.0,0.0,0.0,3
BESTRIX INJ. 250MG IM PS,Other,2025.0,0.0,0.0,2
BESTRIX INJ. 250MG IV CP,Other,2024.0,0.0,0.0,6
BESTRIX INJ. 250MG IV CP,Other,2025.0,0.0,0.0,7
BESTRIX INJ. 500MG IM CP,Other,2024.0,0.0,0.0,7
BESTRIX INJ. 500MG IM CP,Other,2025.0,0.0,0.0,12
BESTRIX INJ. 500MG IV CP,Other,2024.0,0.0,0.0,15
BESTRIX INJ. 500MG IV CP,Other,2025.0,0.0,0.0,20
BEVEC 100MG/4ML 1X1'S,Pharma,2024.0,0.0,657.0,102
BEVEC 100MG/4ML 1X1'S,Pharma,2025.0,0.0,1152.0,162
BEVEC 400MG/16ML 1X1'S,Pharma,2024.0,0.0,766.0,139
BEVEC 400MG/16ML 1X1'S,Pharma,2025.0,0.0,1450.0,216
BONGARD TAB. 70MG CP (KEN),Export,2024.0,1092.0,728.0,2
BONGARD TAB. 70MG CP (KEN),Export,2025.0,0.0,0.0,1
BONGARD TAB. 70MG CP (MDV),Export,2024.0,455.0,500.0,2
BONGARD TAB. 70MG CP (MMR),Export,2024.0,1267.8,1440.0,2
BONGARD TAB. 70MG CP (MMR),Export,2025.0,0.0,0.0,1
BONGARD TAB. 70MG CP (SLK),Export,2024.0,0.0,0.0,9
BONGARD TAB. 70MG CP (SLK),Export,2025.0,0.0,0.0,5
BONGARD TAB. 70MG PS (SLK),Export,2024.0,0.0,0.0,3
BONGARD TAB. 70MG PS (SLK),Export,2025.0,0.0,1805.0,3
BUSONIDE CAP. 200/6 MCG CP (AFG) 3X10'S,Export,2025.0,0.0,0.0,1
BUSONIDE CAP. 200/6 MCG CP 3X10'S,Pharma,2024.0,14613276.28,55505.0,769
BUSONIDE CAP. 200/6 MCG CP 3X10'S,Pharma,2025.0,16828769.31,66223.0,913
BUSONIDE CAP. 400/12 MCG CP (AFG) 30'S,Export,2025.0,0.0,0.0,1
BUSONIDE CAP. 400/12 MCG CP 3X10'S,Pharma,2024.0,77814691.68,270007.0,1829
BUSONIDE CAP. 400/12 MCG CP 3X10'S,Pharma,2025.0,109771276.35000001,315360.0,1818
BYVAS TAB 5MG CP (GTM) 1X2'S,Export,2024.0,0.0,0.0,3
BYVAS TAB 5MG CP (GTM) 1X2'S,Export,2025.0,0.0,0.0,6
BYVAS TAB 5MG CP (GTM) 4X7'S,Export,2024.0,2677.2,970.0,3
BYVAS TAB 5MG CP (GTM) 4X7'S,Export,2025.0,0.0,0.0,2
BYVAS TAB. 10MG CP 2X7'S,Pharma,2024.0,16078678.38,48148.0,663
BYVAS TAB. 10MG CP 2X7'S,Pharma,2025.0,19841851.95,55040.0,778
BYVAS TAB. 2.5MG CP (IQ) 4X7'S,Export,2024.0,0.0,0.0,2
BYVAS TAB. 2.5MG CP (IQ) 4X7'S,Export,2025.0,0.0,0.0,2
BYVAS TAB. 2.5MG CP 2X7'S,Pharma,2024.0,47917385.61,340665.0,1734
BYVAS TAB. 2.5MG CP 2X7'S,Pharma,2025.0,87899665.53,492859.0,2004
BYVAS TAB. 5MG CP (IQ) 4X7'S,Export,2024.0,0.0,0.0,6
BYVAS TAB. 5MG CP (IQ) 4X7'S,Export,2025.0,0.0,0.0,17
BYVAS TAB. 5MG CP 2X7'S,Pharma,2024.0,88432338.77,440026.0,2091
BYVAS TAB. 5MG CP 2X7'S,Pharma,2025.0,126628924.31,520043.0,2199
CEZOX CAP. 400MG CP,Other,2024.0,0.0,0.0,21
CEZOX CAP. 400MG CP,Other,2025.0,0.0,0.0,19
CEZOX CAP. 400MG PS,Other,2024.0,0.0,0.0,4
CEZOX CAP. 400MG PS,Other,2025.0,0.0,0.0,4
CEZOX DS SUSP. CP 30ML,Other,2024.0,0.0,0.0,12
CEZOX DS SUSP. CP 30ML,Other,2025.0,0.0,0.0,14
CEZOX DS SUSP. PS 15ML,Other,2024.0,0.0,0.0,8
CEZOX DS SUSP. PS 15ML,Other,2025.0,0.0,0.0,6
CEZOX SUSP. CP 30ML,Other,2024.0,0.0,0.0,27
CEZOX SUSP. CP 30ML,Other,2025.0,0.0,0.0,21
CEZOX SUSP. PS 15ML,Other,2024.0,0.0,0.0,10
CEZOX SUSP. PS 15ML,Other,2025.0,0.0,0.0,9
CIPROMAX TAB. 250MG CP (AFG),Export,2024.0,0.0,0.0,2
CIPROMAX TAB. 500MG CP (AFG),Export,2024.0,0.0,0.0,2
COLYSTYRENE SAC. 4G CP 1X25'S,Pharma,2025.0,0.0,2121.0,5
DAGIFLO TAB. 10MG CP (SLK) 2X7'S,Export,2024.0,0.0,0.0,5
DAGIFLO TAB. 10MG CP (SLK) 2X7'S,Export,2025.0,169.0,50.0,9
DAGIFLO TAB. 10MG PS (SLK) 4'S,Export,2024.0,0.0,0.0,2
DAGIFLO TAB. 10MG PS (SLK) 4'S,Export,2025.0,0.0,0.0,4
DAGIFLO TAB. 5MG CP (SLK) 2X7'S,Export,2024.0,0.0,23.0,7
DAGIFLO TAB. 5MG CP (SLK) 2X7'S,Export,2025.0,924.0,400.0,13
DAGIFLO TAB. 5MG PS (SLK) 4'S,Export,2024.0,0.0,0.0,3
DAGIFLO TAB. 5MG PS (SLK) 4'S,Export,2025.0,0.0,65.0,5
DAPWIZ PLUS XR TAB. 10/1000MG CP 2X7'S,Pharma,2024.0,5941455.88,17543.0,353
DAPWIZ PLUS XR TAB. 10/1000MG CP 2X7'S,Pharma,2025.0,7714459.36,19382.0,347
DAPWIZ PLUS XR TAB. 10/500MG CP 2X7'S,Pharma,2024.0,3797854.2600000002,11401.0,242
DAPWIZ PLUS XR TAB. 10/500MG CP 2X7'S,Pharma,2025.0,6683598.76,17977.0,377
DAPWIZ PLUS XR TAB. 5/1000MG CP 2X7'S,Pharma,2024.0,3209853.0999999996,10323.0,245
DAPWIZ PLUS XR TAB. 5/1000MG CP 2X7'S,Pharma,2025.0,3586701.86,11384.0,265
DAPWIZ PLUS XR TAB. 5/500MG CP 2X7'S,Pharma,2024.0,7110187.35,25458.0,379
DAPWIZ PLUS XR TAB. 5/500MG CP 2X7'S,Pharma,2025.0,11287492.190000001,34065.0,588
DAPWIZ TAB. 10MG CP (IQ) 2X14'S,Export,2024.0,912.6,1404.0,17
DAPWIZ TAB. 10MG CP (IQ) 2X14'S,Export,2025.0,0.0,0.0,2
DAPWIZ TAB. 10MG CP 1X10'S,Pharma,2024.0,46990251.25,204836.0,1231
DAPWIZ TAB. 10MG CP 1X10'S,Pharma,2025.0,57885122.37,213486.0,1323
DAPWIZ TAB. 10MG CP DGDP 1X10'S,Pharma,2024.0,368319.72,3161.0,17
DAPWIZ TAB. 10MG CP DGDP 1X10'S,Pharma,2025.0,1194167.3699999999,10396.0,54
DAPWIZ TAB. 5MG CP 1X10'S,Pharma,2024.0,17739662.39,109489.0,821
DAPWIZ TAB. 5MG CP 1X10'S,Pharma,2025.0,19076212.18,107203.0,834
DAPWIZ TAB. 5MG CP MSDS INST. 100X10'S,Pharma,2025.0,0.0,50.0,1
DEPLAT TAB. 75MG CP (KEN),Export,2024.0,0.0,0.0,1
DEPLAT TAB. 75MG CP (KEN),Export,2025.0,0.0,137.0,2
DIPOF CAP. 3/25MG CP 2X10'S,Pharma,2024.0,11555155.46,76937.0,761
DIPOF CAP. 3/25MG CP 2X10'S,Pharma,2025.0,15010834.74,87028.0,872
DIPOF CAP. 6/25MG CP 2X10'S,Pharma,2024.0,8645708.91,29644.0,476
DIPOF CAP. 6/25MG CP 2X10'S,Pharma,2025.0,8575661.48,28907.0,485
DIU TANSIN TAB 50/12.5MG INST RIC 1X10'S,Pharma,2025.0,0.0,0.0,5
DIU TANSIN TAB. 50/12.5MG CP 1X10'S,Pharma,2024.0,16576559.73,105747.0,1078
DIU TANSIN TAB. 50/12.5MG CP 1X10'S,Pharma,2025.0,20273947.18,114469.0,1212
DIU TANSIN TAB. 50/12.5MG CP INST.1200'S,Pharma,2024.0,0.0,454.0,2
DIU TANSIN TAB. 50/12.5MG CP INST.1200'S,Pharma,2025.0,0.0,254.16,3
DIU TANSIN TAB. 50/12.5MG CP MSDS 120X10,Pharma,2024.0,0.0,237.469,10
DIU TANSIN TAB. 50/12.5MG CP MSDS 120X10,Pharma,2025.0,0.0,208.34,3
DIU TANSIN TAB.50/12.5MGCPRICINST120X10S,Pharma,2024.0,0.0,666.667,2
DUZALTA CAP. 20MG (SLK) 14'S,Export,2024.0,0.0,0.0,2
DUZALTA CAP. 20MG (SLK) 14'S,Export,2025.0,1644.9499999999998,985.0,3
DUZALTA CAP. 20MG CP 2X7'S,Pharma,2024.0,48771274.91,129835.0,1084
DUZALTA CAP. 20MG CP 2X7'S,Pharma,2025.0,60865456.79,131302.0,1305
DUZALTA CAP. 30MG (SLK) 14'S,Export,2024.0,0.0,0.0,2
DUZALTA CAP. 30MG (SLK) 14'S,Export,2025.0,2151.6600000000003,987.0,3
DUZALTA CAP. 30MG CP 2X7'S,Pharma,2024.0,77956355.83,185870.0,1350
DUZALTA CAP. 30MG CP 2X7'S,Pharma,2025.0,94924661.33,191634.0,1479
DUZALTA CAP. 30MG CP SPC (SLK) 2X7'S,Export,2025.0,0.0,0.0,1
DUZALTA CAP. 60MG (SLK) 10'S,Export,2024.0,0.0,0.0,1
DUZALTA CAP. 60MG (SLK) 10'S,Export,2025.0,3357.88,3211.0,7
DUZALTA CAP. 60MG CP 1X10'S,Pharma,2024.0,21269449.98,48503.0,651
DUZALTA CAP. 60MG CP 1X10'S,Pharma,2025.0,21815435.380000003,45446.0,666
DUZALTA CAP. 60MG PS (SLK) 4'S,Export,2025.0,0.0,127.0,1
EGLARO TAB. 15MG CP 2X7'S,Pharma,2024.0,2155155.16,5798.0,143
EGLARO TAB. 15MG CP 2X7'S,Pharma,2025.0,1710918.5499999998,4265.0,129
EGLARO TAB. 5MG CP 2X7'S,Pharma,2024.0,1306559.2799999998,4488.0,110
EGLARO TAB. 5MG CP 2X7'S,Pharma,2025.0,1042188.8499999999,3260.0,87
EGLARO-S TAB. 15/100MG CP 2X7'S,Pharma,2024.0,46950468.52,110409.0,1000
EGLARO-S TAB. 15/100MG CP 2X7'S,Pharma,2025.0,81702125.45,143385.0,1012
EGLARO-S TAB. 5/100MG CP 2X7'S,Pharma,2024.0,16840950.03,39502.0,559
EGLARO-S TAB. 5/100MG CP 2X7'S,Pharma,2025.0,25009551.31,49936.0,674
EMGLIN TAB. 10MG CP (MLI) 2X7'S,Export,2025.0,0.0,0.0,1
EMGLIN TAB. 10MG CP (SLK) 2X7'S,Export,2024.0,1511.84,859.0,9
EMGLIN TAB. 10MG CP (SLK) 2X7'S,Export,2025.0,0.0,0.0,9
EMGLIN TAB. 10MG CP (SWL) 4X7'S,Export,2024.0,0.0,0.0,1
EMGLIN TAB. 10MG CP (TJS) 14'S,Export,2025.0,235.44,981.0,1
EMGLIN TAB. 10MG CP (TJS) 4X7'S,Export,2025.0,0.0,147.0,2
EMGLIN TAB. 10MG PS (SLK) 4'S,Export,2024.0,0.0,0.0,1
EMGLIN TAB. 10MG PS (SLK) 4'S,Export,2025.0,0.0,0.0,4
EMGLIN TAB. 25MG CP (GTM) 1X2'S,Export,2024.0,0.0,0.0,4
EMGLIN TAB. 25MG CP (GTM) 1X2'S,Export,2025.0,0.0,0.0,8
EMGLIN TAB. 25MG CP (GTM) 28'S,Export,2024.0,0.0,0.0,3
EMGLIN TAB. 25MG CP (GTM) 28'S,Export,2025.0,0.0,0.0,4
EMGLIN TAB. 25MG CP (MLI) 2X7'S,Export,2025.0,1550.1299999999999,489.0,1
EMGLIN TAB. 25MG CP (SLK) 2X7'S,Export,2024.0,2017.4,840.0,8
EMGLIN TAB. 25MG CP (SLK) 2X7'S,Export,2025.0,0.0,0.0,7
EMGLIN TAB. 25MG CP (SWL) 4X7'S,Export,2024.0,8229.17,851.0,1
EMGLIN TAB. 25MG CP SPC (SLK) 2X7'S,Export,2025.0,0.0,0.0,2
EMGLIN TAB. 25MG PS (SLK) 4'S,Export,2024.0,0.0,2145.0,4
EMGLIN TAB. 25MG PS (SLK) 4'S,Export,2025.0,0.0,1011.0,4
EMPA Q TAB. 10MG CP (KEN) 20'S,Export,2024.0,0.0,0.0,4
EMPA Q TAB. 10MG CP (KEN) 20'S,Export,2025.0,0.0,1918.0,6
EMPA Q TAB. 25MG CP (KEN) 20'S,Export,2024.0,0.0,180.0,4
EMPA Q TAB. 25MG CP (KEN) 20'S,Export,2025.0,0.0,634.0,3
EMPA-M TAB. 12.5/1000MG CP (KEN) 14'S,Export,2024.0,0.0,205.0,6
EMPA-M TAB. 12.5/1000MG CP (KEN) 14'S,Export,2025.0,0.0,1441.0,8
EMPA-M TAB. 12.5/500MG CP (KEN) 14'S,Export,2024.0,0.0,195.0,5
EMPA-M TAB. 12.5/500MG CP (KEN) 14'S,Export,2025.0,20.400000000000002,2270.0,12
EMPAFLOZIN TAB. 10MG CP (SN) 4X7'S,Export,2024.0,1455.0,970.0,1
EMPAFLOZIN TAB. 10MG CP (SN) 4X7'S,Export,2025.0,3300.0,3090.0,9
EMPAFLOZIN TAB. 25MG CP (SN) 4X7'S,Export,2024.0,2548.0,980.0,1
EMPAFLOZIN TAB. 25MG CP (SN) 4X7'S,Export,2025.0,2860.0,1249.0,4
ERLI PLUS TAB. 12.5/1000MG CP (IQ) 4X7'S,Export,2024.0,0.0,0.0,11
ERLI PLUS TAB. 12.5/1000MG CP (IQ) 4X7'S,Export,2025.0,681.6,426.0,15
ERLI PLUS TAB. 12.5/1000MG CP 2X7'S,Pharma,2024.0,13138187.76,68654.0,848
ERLI PLUS TAB. 12.5/1000MG CP 2X7'S,Pharma,2025.0,24092339.509999998,105837.0,1152
ERLI PLUS TAB. 12.5/500MG CP 2X7'S,Pharma,2024.0,18928194.8,126429.0,1439
ERLI PLUS TAB. 12.5/500MG CP 2X7'S,Pharma,2025.0,37964826.71,235970.0,2068
ERLI PLUS TAB. 12.5/850MG CP (IQ) 4X7'S,Export,2024.0,0.0,0.0,6
ERLI PLUS TAB. 12.5/850MG CP (IQ) 4X7'S,Export,2025.0,0.0,0.0,1
ERLI PLUS TAB. 12.5/850MG CP 2X7'S,Pharma,2024.0,11696525.39,65365.0,923
ERLI PLUS TAB. 12.5/850MG CP 2X7'S,Pharma,2025.0,17942122.61,67994.0,989
ERLI PLUS TAB. 5/1000MG CP (IQ) 4X7’S,Export,2024.0,0.0,0.0,8
ERLI PLUS TAB. 5/1000MG CP (IQ) 4X7’S,Export,2025.0,0.0,0.0,1
ERLI PLUS TAB. 5/1000MG CP 2X7'S,Pharma,2024.0,1325914.6300000001,8732.0,222
ERLI PLUS TAB. 5/1000MG CP 2X7'S,Pharma,2025.0,2052333.36,12495.0,320
ERLI PLUS TAB. 5/500MG CP 2X7'S,Pharma,2024.0,3574019.1,23080.0,482
ERLI PLUS TAB. 5/500MG CP 2X7'S,Pharma,2025.0,8874908.54,44090.0,630
ERLI PLUS TAB. 5/850MG CP (IQ) 28'S,Export,2024.0,0.0,0.0,3
ERLI PLUS TAB. 5/850MG CP (IQ) 28'S,Export,2025.0,0.0,0.0,1
ERLI PLUS TAB. 5/850MG CP 2X7'S,Pharma,2024.0,1002396.93,6661.0,167
ERLI PLUS TAB. 5/850MG CP 2X7'S,Pharma,2025.0,1765926.1099999999,10870.0,277
ERLI PLUS XR TAB 25/1000MG CP (IQ) 4X7'S,Export,2024.0,0.0,0.0,4
ERLI PLUS XR TAB 25/1000MG CP (IQ) 4X7'S,Export,2025.0,0.0,0.0,4
ERLI PLUS XR TAB. 10/1000MG CP 2X7'S,Pharma,2024.0,15809869.66,49100.0,814
ERLI PLUS XR TAB. 10/1000MG CP 2X7'S,Pharma,2025.0,19302199.07,50099.0,861
ERLI PLUS XR TAB. 12.5/1000MG CP (AFG),Export,2024.0,29.72,353.0,6
ERLI PLUS XR TAB. 12.5/1000MG CP (GTM),Export,2024.0,0.0,0.0,3
ERLI PLUS XR TAB. 12.5/1000MG CP (GTM),Export,2025.0,0.0,0.0,3
ERLI PLUS XR TAB. 12.5/1000MG CP 2X7'S,Pharma,2024.0,60575478.38,186094.0,1644
ERLI PLUS XR TAB. 12.5/1000MG CP 2X7'S,Pharma,2025.0,66405666.32,173974.0,1629
ERLI PLUS XR TAB. 12.5/1000MG CP(GTM)2'S,Export,2024.0,0.0,0.0,4
ERLI PLUS XR TAB. 12.5/1000MG CP(GTM)2'S,Export,2025.0,0.0,0.0,4
ERLI PLUS XR TAB. 25/1000MG CP (AFG),Export,2024.0,39234.8,964.0,1
ERLI PLUS XR TAB. 25/1000MG CP 2X7'S,Pharma,2024.0,42084360.059999995,112026.0,1343
ERLI PLUS XR TAB. 25/1000MG CP 2X7'S,Pharma,2025.0,55849798.67,106556.0,1356
ERLI PLUS XR TAB. 5/1000MG CP 2X7'S,Pharma,2024.0,7647315.5600000005,30513.0,603
ERLI PLUS XR TAB. 5/1000MG CP 2X7'S,Pharma,2025.0,8093953.989999999,25645.0,673
ERLI PLUS XR TAB.12.5/1000MG CP (IQ)4X7S,Export,2024.0,0.0,0.0,25
ERLI PLUS XR TAB.12.5/1000MG CP (IQ)4X7S,Export,2025.0,0.0,0.0,23
ERLI TAB. 10MG CP (AFG) 2X7'S,Export,2024.0,0.0,0.0,2
ERLI TAB. 10MG CP (IQ) 4X7’S,Export,2024.0,1197.3,921.0,5
ERLI TAB. 10MG CP (IQ) 4X7’S,Export,2025.0,0.0,0.0,11
ERLI TAB. 10MG CP (KSV) 2X7'S,Export,2024.0,0.0,0.0,1
ERLI TAB. 10MG CP 2X7'S,Pharma,2024.0,58184757.74,237206.0,1525
ERLI TAB. 10MG CP 2X7'S,Pharma,2025.0,82692634.56,328569.0,1813
ERLI TAB. 25MG CP (AFG) 2X7'S,Export,2024.0,0.0,0.0,2
ERLI TAB. 25MG CP (IQ) 4X7'S,Export,2024.0,0.0,0.0,8
ERLI TAB. 25MG CP (IQ) 4X7'S,Export,2025.0,0.0,441.0,16
ERLI TAB. 25MG CP (KSV) 2X7'S,Export,2024.0,0.0,0.0,1
ERLI TAB. 25MG CP 2X7'S,Pharma,2024.0,47005647.480000004,130687.0,1146
ERLI TAB. 25MG CP 2X7'S,Pharma,2025.0,70036821.99,160700.0,1428
ERLINA PLUS XR TAB 5/2.5/1000MG CP 2X7'S,Pharma,2024.0,1436781.81,7813.0,115
ERLINA PLUS XR TAB 5/2.5/1000MG CP 2X7'S,Pharma,2025.0,2964331.57,14923.0,297
ERLINA PLUS XR TAB. 10/5/1000MG CP 2X7'S,Pharma,2024.0,3884074.36,16969.0,142
ERLINA PLUS XR TAB. 10/5/1000MG CP 2X7'S,Pharma,2025.0,14844292.950000001,80185.0,1053
ERLINA PLUS XR TAB. 12.5/2.5/1000MG CP,Pharma,2024.0,2182667.52,11022.0,145
ERLINA PLUS XR TAB. 12.5/2.5/1000MG CP,Pharma,2025.0,6283731.109999999,32950.0,549
ERLINA PLUS XR TAB. 25/5/1000MG CP 2X7'S,Pharma,2024.0,3706685.13,12893.0,186
ERLINA PLUS XR TAB. 25/5/1000MG CP 2X7'S,Pharma,2025.0,20393736.55,91874.0,1106
ERLINA PLUS XR TAB25/5/1000MG CP(IQ)4X7,Export,2025.0,0.0,0.0,3
ERLINA TAB. 10/5MG CP (IQ) 4X7’S,Export,2024.0,0.0,0.0,13
ERLINA TAB. 10/5MG CP (IQ) 4X7’S,Export,2025.0,0.0,0.0,12
ERLINA TAB. 10/5MG CP (SLK) 4X7'S,Export,2025.0,0.0,0.0,1
ERLINA TAB. 10/5MG CP 2X7'S,Pharma,2024.0,49960685.64,163119.0,1317
ERLINA TAB. 10/5MG CP 2X7'S,Pharma,2025.0,66944344.93,215389.0,1346
ERLINA TAB. 25/5MG CP (IQ) 4X7’S,Export,2024.0,0.0,0.0,17
ERLINA TAB. 25/5MG CP (IQ) 4X7’S,Export,2025.0,0.0,0.0,37
ERLINA TAB. 25/5MG CP 2X7'S,Pharma,2024.0,60086243.31,167259.0,1350
ERLINA TAB. 25/5MG CP 2X7'S,Pharma,2025.0,103645798.63,202194.0,1300
ESTAR TAB. 10MG CP (AFG) 2X7'S,Export,2024.0,0.0,1402.0,11
ESTAR TAB. 10MG CP (AFG) 2X7'S,Export,2025.0,0.0,0.0,5
ESTAR TAB. 10MG CP (CMB),Export,2025.0,0.0,298.0,2
ESTAR TAB. 10MG CP (GTM) 2'S,Export,2024.0,0.0,0.0,3
ESTAR TAB. 10MG CP (GTM) 2'S,Export,2025.0,0.0,0.0,1
ESTAR TAB. 10MG CP (GTM) 28'S,Export,2024.0,0.0,0.0,1
ESTAR TAB. 10MG CP (GTM) 98'S,Export,2024.0,3061.7999999999997,972.0,1
ESTAR TAB. 10MG CP (IQ) 4X7'S,Export,2024.0,0.0,0.0,2
ESTAR TAB. 10MG CP (KEN) 10'S,Export,2025.0,132.16000000000003,236.0,2
ESTAR TAB. 10MG CP (TJS) 14'S,Export,2025.0,0.0,0.0,1
ESTAR TAB. 10MG CP 2X7'S,Pharma,2024.0,108442337.21000001,370880.0,1778
ESTAR TAB. 10MG CP 2X7'S,Pharma,2025.0,142018070.74,424154.0,2047
ESTAR TAB. 10MG DGH PUNJ. INST. GR 2X7'S,Pharma,2025.0,0.0,0.0,2
ESTAR TAB. 10MG INST. PIMH GR. 2X7'S,Pharma,2025.0,0.0,0.0,1
ESTAR TAB. 20MG CP (AFG) 2X7'S,Export,2024.0,86182.48,2242.0,8
ESTAR TAB. 20MG CP (AFG) 2X7'S,Export,2025.0,76485.65000000001,995.0,3
ESTAR TAB. 20MG CP (GTM) 2'S,Export,2024.0,0.0,0.0,2
ESTAR TAB. 20MG CP (GTM) 2'S,Export,2025.0,0.0,0.0,1
ESTAR TAB. 20MG CP (GTM) 28'S,Export,2024.0,0.0,0.0,1
ESTAR TAB. 20MG CP (IQ) 4X7'S,Export,2024.0,0.0,0.0,2
ESTAR TAB. 20MG CP (IQ) 4X7'S,Export,2025.0,0.0,0.0,5
ESTAR TAB. 20MG CP 2X7'S,Pharma,2024.0,32370866.59,73545.0,705
ESTAR TAB. 20MG CP 2X7'S,Pharma,2025.0,44316037.63,91114.0,928
ESTAR TAB. 5MG CP (AFG) 2X7'S,Export,2024.0,0.0,0.0,4
ESTAR TAB. 5MG CP (AFG) 2X7'S,Export,2025.0,0.0,0.0,5
ESTAR TAB. 5MG CP (CMB),Export,2025.0,0.0,298.0,2
ESTAR TAB. 5MG CP 2X7'S,Pharma,2024.0,69946291.95,320392.0,1643
ESTAR TAB. 5MG CP 2X7'S,Pharma,2025.0,98685676.74,413915.0,1957
ESTOREX TAB. 10MG CP (AZN) 1X10'S,Export,2024.0,0.0,0.0,1
EVO JOSHANDA SAC. CP 1X30'S,Herbal,2024.0,7142157.09,21307.0,330
EVO JOSHANDA SAC. CP 1X30'S,Herbal,2025.0,32698.16,74.0,23
EVOCHECK BPM68 BLOOD PRESSURE MONITOR,Medical Device,2024.0,0.0,1171.0,46
EVOCHECK BPM68 BLOOD PRESSURE MONITOR,Medical Device,2025.0,0.0,958.0,15
EVOCHECK GM700S BGM METER KIT,Medical Device,2024.0,0.0,22096.0,432
EVOCHECK GM700S BGM METER KIT,Medical Device,2025.0,0.0,17319.0,319
EVOCHECK GM700S BGM TEST STRIPS 2X25'S,Medical Device,2024.0,2081925.0,87096.0,1015
EVOCHECK GM700S BGM TEST STRIPS 2X25'S,Medical Device,2025.0,5471287.5,97923.0,1176
EVOCHECK GO BGM METER KIT,Medical Device,2024.0,0.0,39250.0,852
EVOCHECK GO BGM METER KIT,Medical Device,2025.0,968400.0,41359.0,633
EVOCHECK GO BGM TEST STRIP 2X25'S,Medical Device,2024.0,644072.0,73200.0,945
EVOCHECK GO BGM TEST STRIP 2X25'S,Medical Device,2025.0,161018.0,114548.0,1163
EVOCHECK GO TEST STRIP (FOIL PAC)1X50'S,Medical Device,2025.0,0.0,1217.0,4
EVOCHECK INFRARED THERMOMETER,Medical Device,2024.0,0.0,17.0,1
EVOCHECK INFRARED THERMOMETER (MDI901),Medical Device,2024.0,0.0,285.0,33
EVOCHECK INFRARED THERMOMETER (MDI901),Medical Device,2025.0,0.0,284.0,42
EVOCHECK PREMIUM LINX CGM 1X1'S,Medical Device,2025.0,0.0,1453.0,47
EVOCHECK PULSE OXIMETER,Medical Device,2024.0,0.0,1086.0,72
EVOCHECK PULSE OXIMETER,Medical Device,2025.0,0.0,1646.0,102
EVOCHECK WEIGHING SCALE (BLACK),Medical Device,2024.0,0.0,3002.0,199
EVOCHECK WEIGHING SCALE (BLACK),Medical Device,2025.0,0.0,12045.0,390
EVOCHECK WEIGHING SCALE (WHITE),Medical Device,2024.0,0.0,2994.0,209
EVOCHECK WEIGHING SCALE (WHITE),Medical Device,2025.0,0.0,1024.0,43
EVOCIN TAB. 250MG CP 1X10'S,Pharma,2024.0,0.0,0.0,2
EVOCIN TAB. 250MG CP 1X10'S,Pharma,2025.0,69160.0,728.0,6
EVOCIN TAB. 250MG CP 6X10'S,Pharma,2024.0,449540.0,988.0,1
EVOCIN TAB. 250MG CP 6X10'S,Pharma,2025.0,269360.0,592.0,6
EVOCIN TAB. 250MG PS,Pharma,2024.0,0.0,0.0,2
EVOCIN TAB. 250MG PS,Pharma,2025.0,0.0,0.0,1
EVOCIN TAB. 500MG CP 2X5'S,Pharma,2024.0,0.0,0.0,4
EVOCIN TAB. 500MG CP 2X5'S,Pharma,2025.0,2920.0,20.0,17
EVOCIN TAB. 500MG CP 60S,Pharma,2024.0,888394.0,1222.0,4
EVOCIN TAB. 500MG PS,Pharma,2024.0,0.0,0.0,2
EVOCIN TAB. 500MG PS,Pharma,2025.0,0.0,0.0,1
EVODOXIM SUSP. 40MG/5ML CP (VNM),Export,2024.0,0.0,0.0,3
EVODOXIM SUSP. 40MG/5ML CP 1X50ML,Pharma,2024.0,116550.0,666.0,13
EVODOXIM SUSP. 40MG/5ML CP 1X50ML,Pharma,2025.0,11900.0,68.0,12
EVODOXIM SUSP. 40MG/5ML PS 25ML,Pharma,2024.0,0.0,0.0,2
EVODOXIM SUSP. 40MG/5ML PS 25ML,Pharma,2025.0,0.0,0.0,2
EVODOXIM TAB. 100MG CP 1X10'S,Pharma,2024.0,0.0,0.0,4
EVODOXIM TAB. 100MG CP 1X10'S,Pharma,2025.0,0.0,0.0,11
EVODOXIM TAB. 100MG PS,Pharma,2024.0,0.0,753.0,2
EVOFIX CAP. 400MG CP (AFG) 2X5'S,Export,2024.0,28971.56,596.0,5
EVOFIX CAP. 400MG CP (CMB),Export,2024.0,0.0,0.0,1
EVOFIX CAP. 400MG CP (GHN) 2X5'S,Export,2024.0,0.0,0.0,1
EVOFIX CAP. 400MG CP (GTM) 1X1'S,Export,2024.0,224.95000000000002,409.0,5
EVOFIX CAP. 400MG CP (GTM) 1X1'S,Export,2025.0,0.0,0.0,2
EVOFIX CAP. 400MG CP (GTM) 1X5'S,Export,2024.0,0.0,0.0,2
EVOFIX CAP. 400MG CP (GTM) 2X5'S,Export,2024.0,2911.65,885.0,3
EVOFIX CAP. 400MG CP (GTM) 2X5'S,Export,2025.0,0.0,0.0,2
EVOFIX CAP. 400MG CP (NIG) 2X5'S,Export,2025.0,0.0,840.0,7
EVOFIX CAP. 400MG CP (QA) 10'S,Export,2024.0,0.0,398.0,3
EVOFIX CAP. 400MG CP (SWL) 1X5'S,Export,2024.0,0.0,0.0,4
EVOFIX CAP. 400MG CP (SWL) 1X5'S,Export,2025.0,0.0,460.0,5
EVOFIX CAP. 400MG CP 2X5'S,Export,2024.0,0.0,1.0,3
EVOFIX CAP. 400MG CP 2X5'S,Pharma,2024.0,36271006.32,74445.0,726
EVOFIX CAP. 400MG CP 2X5'S,Pharma,2025.0,44082422.91,74206.0,835
EVOFIX DS SUSP. 200MG/5ML CP (AFG) 30ML,Export,2024.0,0.0,0.0,2
EVOFIX DS SUSP. 200MG/5ML CP 1X30ML,Pharma,2024.0,7852186.7700000005,33460.0,347
EVOFIX DS SUSP. 200MG/5ML CP 1X30ML,Pharma,2025.0,504303.37,4088.0,36
EVOFIX SUSP. 100MG/5ML CP (AFG) 30ML,Export,2024.0,30097.079999999998,981.0,2
EVOFIX SUSP. 100MG/5ML CP (GTM) 1X30ML,Export,2024.0,0.0,0.0,2
EVOFIX SUSP. 100MG/5ML CP (GTM) 1X30ML,Export,2025.0,0.0,0.0,5
EVOFIX SUSP. 100MG/5ML CP (GTM) 60ML,Export,2024.0,0.0,0.0,7
EVOFIX SUSP. 100MG/5ML CP (GTM) 60ML,Export,2025.0,0.0,0.0,2
EVOFIX SUSP. 100MG/5ML CP (KEN) 1X60ML,Export,2024.0,177.29999999999998,985.0,11
EVOFIX SUSP. 100MG/5ML CP (KEN) 1X60ML,Export,2025.0,0.0,0.0,8
EVOFIX SUSP. 100MG/5ML CP (NIG) 1X60ML,Export,2025.0,0.0,1190.0,9
EVOFIX SUSP. 100MG/5ML CP (PHL) 60ML,Export,2024.0,0.0,989.0,9
EVOFIX SUSP. 100MG/5ML CP (PHL) 60ML,Export,2025.0,0.0,0.0,4
EVOFIX SUSP. 100MG/5ML CP (SLK) 30ML,Export,2024.0,0.0,0.0,1
EVOFIX SUSP. 100MG/5ML CP (SWL) 30ML,Export,2024.0,0.0,0.0,1
EVOFIX SUSP. 100MG/5ML CP (SWL) 30ML,Export,2025.0,0.0,460.0,2
EVOFIX SUSP. 100MG/5ML CP (TJS) 60ML,Export,2025.0,0.0,0.0,1
EVOFIX SUSP. 100MG/5ML CP 1X30ML,Pharma,2024.0,10602110.09,55705.0,438
EVOFIX SUSP. 100MG/5ML CP 1X30ML,Pharma,2025.0,442125.06,2743.0,44
EVOFIX SUSP. 100MG/5ML CP 1X60ML,Pharma,2024.0,4241252.25,20466.0,253
EVOFIX SUSP. 100MG/5ML CP 1X60ML,Pharma,2025.0,306774.86,1456.0,28
EVOGAB CAP. 75MG (GHN) 28'S,Export,2024.0,0.0,0.0,1
EVOKALM TAB. 100MG CP 1X10'S,Pharma,2024.0,29590808.94,105047.0,901
EVOKALM TAB. 100MG CP 1X10'S,Pharma,2025.0,41753148.71,132318.0,1055
EVOKALM TAB. 100MG INST. PIMH GR. 1X10'S,Pharma,2025.0,0.0,0.0,4
EVOKALM TAB. 200MG CP 1X10'S,Pharma,2024.0,4235620.76,11404.0,215
EVOKALM TAB. 200MG CP 1X10'S,Pharma,2025.0,5741324.7,15354.0,248
EVOKALM TAB. 25MG CP 1X10'S,Pharma,2024.0,22148481.85,162598.0,1149
EVOKALM TAB. 25MG CP 1X10'S,Pharma,2025.0,29255019.73,183037.0,1225
EVOKALM TAB. 25MG CP MSDS 100X10'S,Pharma,2024.0,0.0,60.0,3
EVOKALM XR TAB. 200MG CP 1X10'S,Pharma,2024.0,8670423.709999999,19270.0,231
EVOKALM XR TAB. 200MG CP 1X10'S,Pharma,2025.0,10820375.28,22890.0,234
EVOKALM XR TAB. 300MG CP 2X5'S,Pharma,2024.0,10160674.08,23728.0,331
EVOKALM XR TAB. 300MG CP 2X5'S,Pharma,2025.0,11756589.53,24050.0,330
EVOPRIDE PLUS TAB. 1/500MG CP 3X10'S,Pharma,2024.0,35576146.38,184079.0,1093
EVOPRIDE PLUS TAB. 1/500MG CP 3X10'S,Pharma,2025.0,40469947.82,183452.0,1318
EVOPRIDE PLUS TAB. 2/500MG CP 3X10'S,Pharma,2024.0,124979838.59,382214.0,1730
EVOPRIDE PLUS TAB. 2/500MG CP 3X10'S,Pharma,2025.0,164479745.82999998,409758.0,1929
EVOPRIDE TAB. 1MG CP 3X10'S,Pharma,2024.0,10666487.59,62071.0,739
EVOPRIDE TAB. 1MG CP 3X10'S,Pharma,2025.0,10622461.67,60852.0,791
EVOPRIDE TAB. 1MG CP MSDS 180X10'S,Pharma,2024.0,0.0,267.78,8
EVOPRIDE TAB. 1MG CP MSDS 180X10'S,Pharma,2025.0,0.0,395.998,18
EVOPRIDE TAB. 2MG CP (VNM),Export,2024.0,0.0,0.0,6
EVOPRIDE TAB. 2MG CP 3X10'S,Pharma,2024.0,51868615.92,162476.0,1306
EVOPRIDE TAB. 2MG CP 3X10'S,Pharma,2025.0,54196478.0,151924.0,1355
EVOPRIDE TAB. 2MG CP INST. 180X10'S,Pharma,2025.0,0.0,11.0,3
EVOPRIDE TAB. 2MG CP MSDS 180X10'S,Pharma,2024.0,0.0,1560.62,34
EVOPRIDE TAB. 2MG CP MSDS 180X10'S,Pharma,2025.0,0.0,138.89000000000001,2
EVOPRIDE TAB. 2MG CP PUNJAB INST. 3X10'S,Pharma,2025.0,32642.760000000002,834.0,49
EVOPRIDE TAB. 2MG INST. CPEIC 180X10'S,Pharma,2025.0,0.0,275.978,1
EVOPRIDE TAB. 2MG INST. RIC 3X10'S,Pharma,2025.0,0.0,0.0,2
EVOPRIDE TAB. 3MG CP 3X10'S,Pharma,2024.0,25832545.01,72252.0,778
EVOPRIDE TAB. 3MG CP 3X10'S,Pharma,2025.0,27190936.240000002,66320.0,819
EVOPRIDE TAB. 3MG CP MSDS 180X10'S,Pharma,2024.0,0.0,130.57,7
EVOPRIDE TAB. 3MG CP MSDS 180X10'S,Pharma,2025.0,0.0,449.626,19
EVOPRIDE TAB. 3MG INST. DGDP CP,Pharma,2024.0,2330027.73,35660.0,115
EVOPRIDE TAB. 4MG CP 3X10'S,Pharma,2024.0,67008470.29,130305.0,1046
EVOPRIDE TAB. 4MG CP 3X10'S,Pharma,2025.0,61091021.620000005,110511.0,1111
EVOROX INJ. 750MG CP (AFG),Export,2024.0,0.0,901.0,19
EVOROX INJ. 750MG CP (KEN) 1X1'S,Export,2024.0,0.0,0.0,5
EVOROX INJ. 750MG CP (KEN) 1X1'S,Export,2025.0,0.0,0.0,1
EVOROX SUSP. 125MG/5ML CP (AFG) 1X50ML,Export,2024.0,13836.3,879.0,23
EVOROX SUSP. 125MG/5ML CP (AFG) 1X50ML,Export,2025.0,25711.92,883.0,21
EVOROX SUSP. 125MG/5ML CP (KEN),Export,2024.0,0.0,0.0,19
EVOROX SUSP. 125MG/5ML CP (KEN),Export,2025.0,0.0,0.0,6
EVOROX TAB. 250MG CP (AFG) 1X10'S,Export,2024.0,0.0,0.0,12
EVOROX TAB. 250MG CP (AFG) 1X10'S,Export,2025.0,0.0,0.0,8
EVOSART TAB. 20MG CP (SLK) 6X10'S,Export,2024.0,1117.04,793.0,3
EVOSART TAB. 20MG CP (SLK) 6X10'S,Export,2025.0,4438.280000000001,4879.0,8
EVOSART TAB. 20MG PS (SLK) 4'S,Export,2024.0,0.0,661.0,1
EVOSART TAB. 20MG PS (SLK) 4'S,Export,2025.0,0.0,1582.0,8
EVOSART TAB. 40MG CP (SLK) 6X10'S,Export,2024.0,1286.3,677.0,5
EVOSART TAB. 40MG CP (SLK) 6X10'S,Export,2025.0,1012.6999999999999,533.0,14
EVOSART TAB. 40MG PS (SLK) 4'S,Export,2024.0,0.0,0.0,2
EVOSART TAB. 40MG PS (SLK) 4'S,Export,2025.0,0.0,910.0,8
EVOSART-D TAB. 40/12.50MG CP (SLK),Export,2024.0,0.0,0.0,4
EVOSART-D TAB. 40/12.50MG CP (SLK),Export,2025.0,0.0,0.0,8
EVOSART-D TAB. 40/12.50MG PS (SLK) 4'S,Export,2024.0,0.0,1032.0,2
EVOSART-D TAB. 40/12.50MG PS (SLK) 4'S,Export,2025.0,0.0,1823.0,4
EVOTAXIME INJ. 1G CP (AFG),Export,2024.0,0.0,0.0,17
EVOTAXIME INJ. 1G CP (AFG),Export,2025.0,0.0,0.0,15
EVOTAXIME INJ. 500MG CP (AFG),Export,2024.0,7794.15,424.0,5
EVOZID INJ. 1G CP (AFG),Export,2024.0,0.0,1.0,15
EVOZID INJ. 1G CP (AFG),Export,2025.0,0.0,0.0,6
EVOZID INJ. 1G CP (MDV),Export,2024.0,1628.9,1000.0,5
EVOZID INJ. 1G CP (MDV),Export,2025.0,0.0,247.0,2
EVOZID INJ. 500MG CP (AFG),Export,2024.0,0.0,0.0,7
FASTESO TAB. 20MG CP (GTM) 2X7'S,Export,2024.0,786.01,947.0,3
FASTESO TAB. 20MG CP (GTM) 2X7'S,Export,2025.0,0.0,0.0,4
FASTESO TAB. 20MG CP (IQ) 28'S,Export,2024.0,0.0,0.0,15
FASTESO TAB. 20MG CP 2X7'S,Pharma,2024.0,5711033.35,28953.0,343
FASTESO TAB. 20MG CP 2X7'S,Pharma,2025.0,7556054.33,37898.0,357
FASTESO TAB. 40MG CP (CMB),Export,2024.0,0.0,0.0,1
FASTESO TAB. 40MG CP (GTM) 2X7'S,Export,2024.0,574.69,569.0,8
FASTESO TAB. 40MG CP (GTM) 2X7'S,Export,2025.0,0.0,0.0,3
FASTESO TAB. 40MG CP (IQ) 28'S,Export,2024.0,0.0,0.0,5
FASTESO TAB. 40MG CP (MDV),Export,2024.0,764.4,1000.0,4
FASTESO TAB. 40MG CP (MDV),Export,2025.0,0.0,100.0,2
FASTESO TAB. 40MG CP 2X7'S,Pharma,2024.0,15985679.29,59222.0,502
FASTESO TAB. 40MG CP 2X7'S,Pharma,2025.0,21820302.6,66068.0,520
FASTESO TABLET 40MG CP MSDS INST.152X7'S,Pharma,2025.0,0.0,281.94,3
FEMOVA SAC. CP (QA) 1X10'S,Export,2024.0,0.0,0.0,1
FEMOVA SAC. CP (TJS) 10'S,Export,2025.0,0.0,0.0,1
FEMOVA SAC. CP (TJS) 1X30'S,Export,2025.0,8712.0,968.0,1
FEMOVA SAC. CP 1X10'S,Nutraceutical,2024.0,100056134.00999999,145086.0,1342
FEMOVA SAC. CP 1X10'S,Nutraceutical,2025.0,137844979.06,169912.0,1660
FERFER GRO SAC. CP (QA) 30'S,Export,2024.0,0.0,0.0,3
FERFER GRO SAC. CP (TJS) 30'S,Export,2025.0,0.0,0.0,1
FERFER GRO SAC. CP (UZB) 1X30'S,Export,2024.0,1360.1,938.0,2
FERFER GRO SAC. CP (UZB) 1X30'S,Export,2025.0,0.0,2288.0,18
FERFER GRO SAC. CP 1X30'S,Nutraceutical,2024.0,27363083.87,75135.0,869
FERFER GRO SAC. CP 1X30'S,Nutraceutical,2025.0,2042.3,6.0,4
FERFER SAC. CP (AFG) 1X30’S,Export,2024.0,74902.15,3257.0,46
FERFER SAC. CP (AFG) 1X30’S,Export,2025.0,0.0,0.0,3
FERFER SAC. CP (KEN) 1X30’S,Export,2025.0,0.0,524.0,3
FERFER SAC. CP (QA) 30'S,Export,2024.0,3528.0,4501.0,11
FERFER SAC. CP (TJS) 30'S,Export,2025.0,0.0,0.0,2
FERFER SAC. CP (UZB) 1X30'S,Export,2024.0,991.8000000000001,551.0,3
FERFER SAC. CP (UZB) 1X30'S,Export,2025.0,0.0,2092.0,14
FERFER SAC. CP 1X30'S,Nutraceutical,2024.0,99902516.84,237776.0,1924
FERFER SAC. CP 1X30'S,Nutraceutical,2025.0,151466532.08,312656.0,2472
FINNO-Q SAC. 3G CP 1X10'S,Nutraceutical,2024.0,15434782.24,35605.0,454
FINNO-Q SAC. 3G CP 1X10'S,Nutraceutical,2025.0,34513507.68,78821.0,1003
FIXATON SUSP. 100MG/5ML CP (AZN) 1X30ML,Export,2024.0,0.0,0.0,2
FIXATON SUSP. 100MG/5ML CP (AZN) 1X30ML,Export,2025.0,0.0,0.0,2
FLORACTIVA SAC. 250MG CP (GTM),Export,2024.0,3490.41,1511.0,6
FLORACTIVA SAC. 250MG CP (GTM),Export,2025.0,0.0,0.0,1
FLORACTIVA SAC. 250MG CP (GTM) 1X2'S,Export,2024.0,0.0,0.0,8
FLORACTIVA SAC. 250MG CP (GTM) 1X2'S,Export,2025.0,0.0,0.0,2
FLOW-Q CAP 0.4MG CP (KEN) 10'S,Export,2024.0,781.6,1187.0,5
FLOW-Q CAP 0.4MG CP (KEN) 10'S,Export,2025.0,749.6,1889.0,5
FORSONIDE CAP. 50/250 MCG CP 3X10'S,Pharma,2025.0,3583625.61,8118.0,139
FORSONIDE CAP. 50/500 MCG CP 3X10'S,Pharma,2025.0,5140632.85,10468.0,200
FREEDEP TAB. 100MG CP 2X10'S,Pharma,2024.0,0.0,0.0,9
FREEDEP TAB. 100MG CP 2X10'S,Pharma,2025.0,0.0,831.0,17
FREEDEP TAB. 50MG CP,Pharma,2024.0,12480.0,78.0,16
FREEDEP TAB. 50MG CP,Pharma,2025.0,60800.0,380.0,31
FREEDEP TAB. 50MG PS 2'S,Pharma,2024.0,0.0,0.0,1
FREEDEP TAB. 50MG PS 2'S,Pharma,2025.0,0.0,0.0,4
GABIN TAB. 400MG CP (GTM) 1X2'S,Export,2024.0,0.0,0.0,1
GABIN TAB. 400MG CP (GTM) 1X2'S,Export,2025.0,0.0,0.0,1
GABIN TAB. 400MG CP (GTM) 3X10'S,Export,2024.0,2405.7599999999998,716.0,5
GABIN TAB. 400MG CP (GTM) 3X10'S,Export,2025.0,3282.72,977.0,3
GALVECTA PLUS TAB. 50/1000MG CP 2X7'S,Pharma,2024.0,18273677.32,47560.0,804
GALVECTA PLUS TAB. 50/1000MG CP 2X7'S,Pharma,2025.0,16626447.26,41237.0,805
GALVECTA PLUS TAB. 50/500MG CP 2X7'S,Pharma,2024.0,23417599.19,62710.0,1039
GALVECTA PLUS TAB. 50/500MG CP 2X7'S,Pharma,2025.0,20237974.89,51216.0,1012
GALVECTA PLUS TAB. 50/850MG CP 2X7'S,Pharma,2024.0,35321410.39,94322.0,1216
GALVECTA PLUS TAB. 50/850MG CP 2X7'S,Pharma,2025.0,32746723.84,85765.0,1086
GALVECTA TAB. 50MG CP 1X10'S,Pharma,2024.0,7328318.31,33508.0,424
GALVECTA TAB. 50MG CP 1X10'S,Pharma,2025.0,6363271.5200000005,28003.0,388
GOURIC TAB. 40MG CP (CMB) 2X10'S,Export,2024.0,0.0,0.0,1
GOURIC TAB. 40MG CP (IQ) 3X10'S,Export,2024.0,0.0,0.0,5
GOURIC TAB. 40MG CP (IQ) 3X10'S,Export,2025.0,0.0,0.0,5
GOURIC TAB. 40MG CP (MMR),Export,2024.0,741.8100000000001,939.0,4
GOURIC TAB. 40MG CP (MMR),Export,2025.0,701.5200000000001,888.0,4
GOURIC TAB. 40MG CP (QA) 20'S,Export,2024.0,0.0,890.0,3
GOURIC TAB. 40MG CP (QA) 20'S,Export,2025.0,0.0,0.0,2
GOURIC TAB. 40MG CP (SLK) 2X10'S,Export,2024.0,0.0,0.0,7
GOURIC TAB. 40MG CP (SLK) 2X10'S,Export,2025.0,2430.12,1049.0,13
GOURIC TAB. 40MG CP 2X10'S,Pharma,2024.0,187616942.46,492038.0,2153
GOURIC TAB. 40MG CP 2X10'S,Pharma,2025.0,232788005.08,557726.0,2347
GOURIC TAB. 40MG CP INST. 100X10S,Pharma,2025.0,0.0,208.81,9
GOURIC TAB. 40MG PS (SLK) 4'S,Export,2024.0,0.0,0.0,4
GOURIC TAB. 40MG PS (SLK) 4'S,Export,2025.0,0.0,976.0,5
GOURIC TAB. 80MG CP (IQ) 3X10'S,Export,2024.0,0.0,0.0,7
GOURIC TAB. 80MG CP (IQ) 3X10'S,Export,2025.0,564.0,376.0,10
GOURIC TAB. 80MG CP (MMR),Export,2024.0,0.0,0.0,1
GOURIC TAB. 80MG CP (MMR),Export,2025.0,0.0,0.0,1
GOURIC TAB. 80MG CP (QA) 20'S,Export,2024.0,0.0,394.0,3
GOURIC TAB. 80MG CP (QA) 20'S,Export,2025.0,0.0,394.0,2
GOURIC TAB. 80MG CP 2X10'S,Pharma,2024.0,154460106.44,242376.0,1505
GOURIC TAB. 80MG CP 2X10'S,Pharma,2025.0,218096716.01,304043.0,1695
HISTALIS TAB. 10MG CP 1X10'S,Pharma,2024.0,12273229.73,110430.0,805
HISTALIS TAB. 10MG CP 1X10'S,Pharma,2025.0,14785277.38,111069.0,871
HISTALIS TAB. 20MG CP 1X10'S,Pharma,2024.0,5512782.28,27926.0,366
HISTALIS TAB. 20MG CP 1X10'S,Pharma,2025.0,11612198.620000001,46640.0,488
IBANDRO TAB. 150MG CP,Pharma,2024.0,5974.62,18.0,7
IBANDRO TAB. 150MG CP (SLK),Export,2024.0,0.0,0.0,2
IBANDRO TAB. 150MG CP (SLK),Export,2025.0,0.0,0.0,1
INOSITA PLUS 50/500MG INST CPEIC 49X7'S,Pharma,2025.0,0.0,142.19,1
INOSITA PLUS TAB 50/1000MG CP (MRT) 14'S,Export,2025.0,1527.31,937.0,1
INOSITA PLUS TAB 50/1000MG CP(SLK) 4X7'S,Export,2025.0,0.0,0.0,2
INOSITA PLUS TAB.  50/1000MG CP (MMR),Export,2024.0,0.0,0.0,3
INOSITA PLUS TAB.  50/1000MG CP (MMR),Export,2025.0,0.0,0.0,1
INOSITA PLUS TAB.  50/500MG CP (IQ) 28'S,Export,2024.0,0.0,0.0,1
INOSITA PLUS TAB.  50/500MG CP (IQ) 28'S,Export,2025.0,0.0,0.0,3
INOSITA PLUS TAB.  50/500MG CP (MMR),Export,2024.0,0.0,0.0,3
INOSITA PLUS TAB.  50/500MG CP (MMR),Export,2025.0,0.0,0.0,1
INOSITA PLUS TAB. 50/1000MG CP (CMB),Export,2024.0,0.0,0.0,1
INOSITA PLUS TAB. 50/1000MG CP (CMB),Export,2025.0,0.0,297.0,2
INOSITA PLUS TAB. 50/1000MG CP (CMR)14'S,Export,2025.0,0.0,0.0,1
INOSITA PLUS TAB. 50/1000MG CP (GTM) 28S,Export,2024.0,2863.78,2681.0,23
INOSITA PLUS TAB. 50/1000MG CP (GTM) 28S,Export,2025.0,0.0,0.0,21
INOSITA PLUS TAB. 50/1000MG CP (IQ) 28'S,Export,2024.0,951.0,634.0,3
INOSITA PLUS TAB. 50/1000MG CP (IQ) 28'S,Export,2025.0,904.5,603.0,17
INOSITA PLUS TAB. 50/1000MG CP (KEN) 28',Export,2024.0,0.0,0.0,4
INOSITA PLUS TAB. 50/1000MG CP (KEN) 28',Export,2025.0,0.0,0.0,1
INOSITA PLUS TAB. 50/1000MG CP 28S (AFG),Export,2024.0,0.0,0.0,9
INOSITA PLUS TAB. 50/1000MG CP 28S (AFG),Export,2025.0,0.0,0.0,7
INOSITA PLUS TAB. 50/1000MG CP 4X7'S,Pharma,2024.0,147862031.28,264710.0,1856
INOSITA PLUS TAB. 50/1000MG CP 4X7'S,Pharma,2025.0,206236272.57,273657.0,2005
INOSITA PLUS TAB. 50/500MG CP (CMB),Export,2025.0,0.0,294.0,2
INOSITA PLUS TAB. 50/500MG CP (CMR) 14'S,Export,2025.0,0.0,0.0,1
INOSITA PLUS TAB. 50/500MG CP (GTM) 28'S,Export,2024.0,2679.02,899.0,4
INOSITA PLUS TAB. 50/500MG CP (GTM) 28'S,Export,2025.0,2908.48,976.0,6
INOSITA PLUS TAB. 50/500MG CP (KEN) 28'S,Export,2024.0,0.0,0.0,2
INOSITA PLUS TAB. 50/500MG CP (KEN) 28'S,Export,2025.0,0.0,0.0,1
INOSITA PLUS TAB. 50/500MG CP 28'S (AFG),Export,2024.0,176021.28,3900.0,16
INOSITA PLUS TAB. 50/500MG CP 28'S (AFG),Export,2025.0,481.92,8.0,6
INOSITA PLUS TAB. 50/500MG CP 4X7'S,Pharma,2024.0,285379410.31,471208.0,2253
INOSITA PLUS TAB. 50/500MG CP 4X7'S,Pharma,2025.0,404187134.77,528746.0,2666
INOSITA PLUS TAB. 50/850MG CP 28'S (AFG),Export,2024.0,89637.24,1011.0,4
INOSITA PLUS TAB. 50/850MG CP 28'S (AFG),Export,2025.0,0.0,0.0,3
INOSITA PLUS TAB. 50/850MG CP 4X7'S,Pharma,2024.0,121304015.67,186885.0,1557
INOSITA PLUS TAB. 50/850MG CP 4X7'S,Pharma,2025.0,147442511.64000002,196223.0,1849
INOSITA PLUS TAB. 50/850MG CP DGDP 4X7'S,Pharma,2025.0,485760.0,2024.0,17
INOSITA PLUS TAB.50/1000MG CP INST.7X49S,Pharma,2024.0,0.0,2715.0640000000003,10
INOSITA PLUS TAB.50/1000MG CP INST.7X49S,Pharma,2025.0,0.0,862.0799999999999,20
INOSITA PLUS TAB.50/1000MG CP(GTM) 1X2'S,Export,2024.0,0.0,0.0,2
INOSITA PLUS TAB.50/1000MG CP(GTM) 1X2'S,Export,2025.0,0.0,0.0,7
INOSITA PLUS TAB.50/500MG CP (GTM) 1X2'S,Export,2024.0,0.0,0.0,2
INOSITA PLUS TAB.50/500MG CP (GTM) 1X2'S,Export,2025.0,0.0,0.0,5
INOSITA PLUS TAB.50/500MG CP INST.7X49'S,Pharma,2024.0,0.0,2430.306,11
INOSITA PLUS TAB.50/500MG CP INST.7X49'S,Pharma,2025.0,0.0,1865.3600000000001,21
INOSITA PLUS XR TAB. 100/1000MG CP (AFG),Export,2024.0,103834.32,2753.0,6
INOSITA PLUS XR TAB. 100/1000MG CP (AFG),Export,2025.0,59774.38,974.0,1
INOSITA PLUS XR TAB. 100/1000MG CP 2X7'S,Pharma,2024.0,45822228.949999996,95231.0,1082
INOSITA PLUS XR TAB. 100/1000MG CP 2X7'S,Pharma,2025.0,58323841.54,108183.0,1339
INOSITA PLUS XR TAB. 50/1000MG CP (AFG),Export,2024.0,72708.0,2740.0,5
INOSITA PLUS XR TAB. 50/1000MG CP (AFG),Export,2025.0,0.0,0.0,3
INOSITA PLUS XR TAB. 50/1000MG CP (IQ),Export,2024.0,0.0,0.0,8
INOSITA PLUS XR TAB. 50/1000MG CP (TJS),Export,2025.0,766.3000000000001,970.0,1
INOSITA PLUS XR TAB. 50/1000MG CP 2X7'S,Pharma,2024.0,50578053.98,159302.0,1623
INOSITA PLUS XR TAB. 50/1000MG CP 2X7'S,Pharma,2025.0,70149743.86,142402.0,1372
INOSITA PLUS XR TAB. 50/1000MG CP(GTM)2S,Export,2024.0,0.0,0.0,5
INOSITA PLUS XR TAB. 50/1000MG CP(GTM)2S,Export,2025.0,0.0,0.0,1
INOSITA PLUS XR TAB. 50/500MG CP (TJS),Export,2025.0,630.96,956.0,1
INOSITA PLUS XR TAB. 50/500MG CP 2X7'S,Pharma,2024.0,94456414.64,290438.0,2069
INOSITA PLUS XR TAB. 50/500MG CP 2X7'S,Pharma,2025.0,108714780.49,268405.0,1835
INOSITA PLUS XR TAB. 50/500MG CP(AFG)2X7,Export,2025.0,0.0,0.0,2
INOSITA PLUS XR TAB.100/1000MG CP(GTM)2S,Export,2024.0,0.0,0.0,3
INOSITA PLUS XR TAB.100/1000MG CP(GTM)2S,Export,2025.0,0.0,0.0,5
INOSITA PLUS XR TAB.100/1000MG CP(IQ)4X7,Export,2024.0,0.0,0.0,21
INOSITA PLUS XR TAB.100/1000MG CP(IQ)4X7,Export,2025.0,0.0,0.0,19
INOSITA PLUS XR TAB.100/1000MGCP(GTM)28S,Export,2024.0,0.0,0.0,5
INOSITA PLUS XR TAB.100/1000MGCP(GTM)28S,Export,2025.0,0.0,0.0,5
INOSITA PLUS XR TAB.50/1000MG CP(GTM)28S,Export,2024.0,4532.7699999999995,979.0,7
INOSITA PLUS XR TAB.50/1000MG CP(GTM)28S,Export,2025.0,0.0,165.0,3
INOSITA TAB. 100MG CP (GTM) 1X2'S,Export,2024.0,0.0,0.0,3
INOSITA TAB. 100MG CP (GTM) 1X2'S,Export,2025.0,0.0,0.0,6
INOSITA TAB. 100MG CP (GTM) 3X10'S,Export,2024.0,4196.28,867.0,8
INOSITA TAB. 100MG CP (GTM) 3X10'S,Export,2025.0,0.0,0.0,5
INOSITA TAB. 100MG CP (KEN) 28'S,Export,2024.0,4282.88,956.0,1
INOSITA TAB. 100MG CP (KEN) 28'S,Export,2025.0,2955.45,969.0,1
INOSITA TAB. 100MG CP (MLI) 4X7'S,Export,2025.0,4077.45,585.0,1
INOSITA TAB. 100MG CP (MMR) 1X10'S,Export,2025.0,0.0,0.0,2
INOSITA TAB. 100MG CP (SLK) 7X10'S,Export,2024.0,20179.73,4142.0,20
INOSITA TAB. 100MG CP (SLK) 7X10'S,Export,2025.0,4208.38,5665.0,40
INOSITA TAB. 100MG CP 4X7'S,Pharma,2024.0,1720307.1199999999,38131.0,649
INOSITA TAB. 100MG CP 4X7'S,Pharma,2025.0,1086102.23,36753.0,673
INOSITA TAB. 100MG PS (SLK) 4'S,Export,2024.0,0.0,0.0,3
INOSITA TAB. 100MG PS (SLK) 4'S,Export,2025.0,0.0,200.0,8
INOSITA TAB. 25MG CP 1X10'S,Pharma,2024.0,2354365.73,14063.0,205
INOSITA TAB. 25MG CP 1X10'S,Pharma,2025.0,3202613.08,16327.0,220
INOSITA TAB. 50MG CP (KEN) 28'S,Export,2024.0,3302.8799999999997,983.0,2
INOSITA TAB. 50MG CP (KEN) 28'S,Export,2025.0,0.0,0.0,1
INOSITA TAB. 50MG CP (MMR),Export,2024.0,0.0,0.0,3
INOSITA TAB. 50MG CP (SLK) 7X10'S,Export,2024.0,2446.7000000000003,525.0,12
INOSITA TAB. 50MG CP (SLK) 7X10'S,Export,2025.0,0.0,1090.0,26
INOSITA TAB. 50MG CP 4X7'S,Pharma,2024.0,81741688.76,141869.0,1384
INOSITA TAB. 50MG CP 4X7'S,Pharma,2025.0,87533563.03,134647.0,1395
INOSITA TAB. 50MG CP SPC (SLK) 7X10'S,Export,2024.0,0.0,0.0,10
INOSITA TAB. 50MG CP SPC (SLK) 7X10'S,Export,2025.0,0.0,0.0,10
INOSITA TAB. 50MG PS (SLK) 4'S,Export,2024.0,0.0,0.0,2
INOSITA TAB. 50MG PS (SLK) 4'S,Export,2025.0,0.0,0.0,2
INURIC-G TAB. 80MG CP (GTM) 1X2'S,Export,2024.0,0.0,0.0,3
INURIC-G TAB. 80MG CP (GTM) 1X2'S,Export,2025.0,0.0,0.0,6
INURIC-G TAB. 80MG CP (GTM) 3X10'S,Export,2024.0,0.0,0.0,3
INURIC-G TAB. 80MG CP (GTM) 3X10'S,Export,2025.0,0.0,0.0,4
IPRAZYME INH. SOL. 0.025% CP 5X2ML,Pharma,2025.0,11707983.29,26787.0,143
IPRAZYME-S INH. SOL. 0.5/2.5MG CP 5X2ML,Pharma,2025.0,10245396.62,19067.0,131
ITIPSO TAB. 50MG CP 1X10'S,Pharma,2024.0,13156891.36,82310.0,642
ITIPSO TAB. 50MG CP 1X10'S,Pharma,2025.0,24236642.63,145334.0,1060
IVABRADINE TAB. 5MG CP SPC (SLK) 2X7'S,Export,2025.0,0.0,0.0,1
IVADIN TAB. 5MG CP (IQ) 28'S,Export,2024.0,1787.24,982.0,2
IVADIN TAB. 5MG CP (SLK) 2X7'S,Export,2025.0,0.0,0.0,1
IVADIN TAB. 5MG CP 14'S,Pharma,2024.0,15295937.89,60728.0,571
IVADIN TAB. 5MG CP 14'S,Pharma,2025.0,1056961.47,5393.0,52
IVADIN TAB. 7.5MG CP (IQ) 28'S,Export,2024.0,2689.2000000000003,996.0,2
IVADIN TAB. 7.5MG CP 14'S,Pharma,2024.0,4042077.4099999997,14012.0,236
IVADIN TAB. 7.5MG CP 14'S,Pharma,2025.0,943135.62,2918.0,59
K-1000 PLUS SAC. CP 1X10'S,Nutraceutical,2025.0,22240617.97,101005.0,871
K-1000 TAB. CP (QA) 30'S,Export,2024.0,0.0,293.0,5
K-1000 TAB. CP 1X30'S,Export,2024.0,0.0,0.0,1
K-1000 TAB. CP 1X30'S,Nutraceutical,2024.0,107516407.92,286445.0,1985
K-1000 TAB. CP 1X30'S,Nutraceutical,2025.0,130981012.96,320136.0,2072
KALSOB TAB. CP (AFG) 1X30’S,Export,2024.0,190408.5,3930.0,9
KALSOB TAB. CP (AFG) 1X30’S,Export,2025.0,49284.64,712.0,2
KALSOB TAB. CP (GTM) 1X2'S,Export,2024.0,0.0,2.0,6
KALSOB TAB. CP (GTM) 1X2'S,Export,2025.0,0.0,0.0,2
KALSOB TAB. CP (GTM) 1X30'S,Export,2024.0,0.0,0.0,1
KALSOB TAB. CP (GTM) 1X30'S,Export,2025.0,0.0,0.0,2
KALSOB TAB. CP (KEN) 1X30’S,Export,2025.0,0.0,0.0,2
KALSOB TAB. CP 1X30'S,Nutraceutical,2024.0,108646964.59,334160.0,2240
KALSOB TAB. CP 1X30'S,Nutraceutical,2025.0,163527013.60999998,466919.0,3231
KLEVRA SOLN. 500MG/5ML CP (GTM) 30ML,Export,2024.0,0.0,0.0,3
KLEVRA SOLN. 500MG/5ML CP (GTM) 30ML,Export,2025.0,0.0,0.0,1
KLEVRA SOLN. 500MG/5ML CP (GTM) 60ML,Export,2024.0,0.0,0.0,2
KLEVRA SOLN. 500MG/5ML CP 1X60ML,Pharma,2024.0,17543583.99,41200.0,541
KLEVRA SOLN. 500MG/5ML CP 1X60ML,Pharma,2025.0,23468874.82,50127.0,682
KLEVRA TAB. 250MG CP 3X10'S,Pharma,2024.0,17202834.29,22066.0,565
KLEVRA TAB. 250MG CP 3X10'S,Pharma,2025.0,19368097.75,23803.0,666
KLEVRA TAB. 500MG CP (PHL) 10X10'S,Export,2025.0,0.0,803.0,5
KLEVRA TAB. 500MG CP (PHL) 30'S,Export,2024.0,0.0,0.0,2
KLEVRA TAB. 500MG CP (ZM) 30'S,Export,2025.0,0.0,250.0,2
KLEVRA TAB. 500MG CP 3X10'S,Pharma,2024.0,4787820.42,44699.0,846
KLEVRA TAB. 500MG CP 3X10'S,Pharma,2025.0,2706617.08,47731.0,1010
KLEVRA XR TAB. 500MG CP (GTM) 2'S,Export,2024.0,0.0,0.0,3
KLEVRA XR TAB. 500MG CP (GTM) 5X6'S,Export,2024.0,2592.0,2884.0,3
KLEVRA XR TAB. 500MG CP (GTM) 5X6'S,Export,2025.0,0.0,0.0,1
KLEVRA XR TAB. 500MG CP 2X5'S,Pharma,2024.0,4243440.8,8852.0,234
KLEVRA XR TAB. 500MG CP 2X5'S,Pharma,2025.0,4306152.87,8676.0,246
LEVE Q TAB. 250MG CP (KEN) 30'S,Export,2024.0,0.0,0.0,3
LEVE Q TAB. 250MG CP (KEN) 30'S,Export,2025.0,0.0,585.0,3
LEVE Q TAB. 500MG CP (KEN) 30'S,Export,2024.0,0.0,608.0,6
LEVE Q TAB. 500MG CP (KEN) 30'S,Export,2025.0,0.0,1190.0,6
LINENTA TAB. 5MG CP (IQ) 30'S,Export,2025.0,0.0,0.0,1
LOWPLAT PLUS TAB. 75/150MG CP (AFG),Export,2024.0,23854.500000000004,1350.0,7
LOWPLAT PLUS TAB. 75/150MG CP (AFG),Export,2025.0,0.0,0.0,1
LOWPLAT PLUS TAB. 75/150MG CP 1X10'S,Pharma,2024.0,10697289.91,54302.0,602
LOWPLAT PLUS TAB. 75/150MG CP 1X10'S,Pharma,2025.0,9198713.85,42013.0,542
LOWPLAT PLUS TAB. 75/75MG CP (AFG) 1X10',Export,2024.0,0.0,1.0,12
LOWPLAT PLUS TAB. 75/75MG CP (AFG) 1X10',Export,2025.0,12309.230000000001,349.0,9
LOWPLAT PLUS TAB. 75/75MG CP 1X10'S,Pharma,2024.0,67371553.17,492510.0,3263
LOWPLAT PLUS TAB. 75/75MG CP 1X10'S,Pharma,2025.0,89422306.62,531454.0,3303
LOWPLAT PLUS TAB. 75/75MG CP DGDP 1X10'S,Pharma,2025.0,307522.5,3275.0,27
LOWPLAT PLUS TAB. 75MG CP (MMR),Export,2024.0,0.0,0.0,1
LOWPLAT PLUS TAB. 75MG CP (MMR),Export,2025.0,438.75,975.0,1
LOWPLAT PLUS TAB.75MG CP INST.63X10'S,Pharma,2024.0,0.0,393.1,4
LOWPLAT PLUS TAB.75MG CP INST.63X10'S,Pharma,2025.0,0.0,103.22,6
LOWPLAT PLUS TAB.75MG CP INST.72X10'S,Pharma,2025.0,0.0,149.0,8
LOWPLAT PLUS TAB.75MG CP RIC INST63X10'S,Pharma,2024.0,0.0,845.58,2
LOWPLAT TAB. 75MG CP (AFG) 1X10'S,Export,2024.0,0.0,944.0,17
LOWPLAT TAB. 75MG CP (AFG) 1X10'S,Export,2025.0,0.0,0.0,8
LOWPLAT TAB. 75MG CP (MMR),Export,2024.0,0.0,0.0,1
LOWPLAT TAB. 75MG CP (MMR),Export,2025.0,342.29999999999995,978.0,1
LOWPLAT TAB. 75MG CP 1X10'S,Pharma,2024.0,60519886.38,373728.0,2625
LOWPLAT TAB. 75MG CP 1X10'S,Pharma,2025.0,64145422.64,350812.0,2777
LOWPLAT TAB. 75MG CP CPEIC INST.10X100'S,Pharma,2024.0,0.0,622.04,4
LOWPLAT TAB. 75MG CP DGDP 1X10'S,Pharma,2024.0,914883.2,12640.0,80
LOWPLAT TAB. 75MG CP DGDP 1X10'S,Pharma,2025.0,168704.0,2636.0,65
LOWPLAT TAB. 75MG CP INST. 100X10'S,Pharma,2024.0,0.0,117.0,2
LOWPLAT TAB. 75MG CP INST. 100X10'S,Pharma,2025.0,0.0,197.91,10
LOWPLAT TAB. 75MG CP INST. 100X10'S PIC,Pharma,2024.0,0.0,2352.0,6
LOWPLAT TAB. 75MG CP INST. 100X10'S PIC,Pharma,2025.0,0.0,16649.5,41
LOWPLAT TAB. 75MG CP WIC INST.100X10'S,Pharma,2025.0,0.0,755.89,3
MALSAR TAB. 50MG CP (PHL) 100'S,Export,2025.0,0.0,0.0,1
MC-510-E2-INFRARED THERMOMETER,Medical Device,2024.0,0.0,23.0,2
MOKZIA TAB. 400MG CP (AFG) 1X5'S,Export,2024.0,27136.0,800.0,6
MOKZIA TAB. 400MG CP (AFG) 1X5'S,Export,2025.0,0.0,0.0,13
MOMIST NASAL SPRAY 50MCG CP 1X1'S,Pharma,2025.0,36491566.35,69801.0,376
MONKAST SAC. 4MG CP (SN) 1X28'S,Export,2024.0,0.0,0.0,1
MONKAST TAB. 10MG CP (SN) 3X10'S,Export,2024.0,0.0,0.0,1
MONKAST TAB. 5MG CP (SN) 3X10'S,Export,2024.0,0.0,0.0,1
NE-C801S-KDE(V) NEB-NE-C801KD,Medical Device,2024.0,0.0,3.0,1
NE-C802-E (V) NEBULIZER COMP AIR BASIC,Medical Device,2024.0,0.0,14.0,1
NE-C803-E COMPL.AIR BASIC COMPS NEBULIZR,Medical Device,2024.0,0.0,2.0,2
NEO Q 10 CAP. 100MG CP 2X10’S,Export,2024.0,1500.0,500.0,1
NEO Q 10 CAP. 100MG CP 2X10’S,Nutraceutical,2024.0,35006575.48,39839.0,592
NEO Q 10 CAP. 100MG CP 2X10’S,Nutraceutical,2025.0,15402256.07,41873.0,637
NISE TAB. 100MG CP (AFG) 2X10'S,Export,2024.0,0.0,0.0,6
NISE TAB. 100MG CP (AFG) 2X10'S,Export,2025.0,0.0,0.0,4
NISE TAB. 100MG CP 2X10'S,Pharma,2024.0,59058072.56,391988.0,2246
NISE TAB. 100MG CP 2X10'S,Pharma,2025.0,81408647.72,419737.0,2398
NUCARD TAB. 160MG CP (NIG)  4X7'S,Export,2024.0,143.56,194.0,11
NUCARD TAB. 160MG CP (NIG)  4X7'S,Export,2025.0,0.0,0.0,2
NUCARD TAB. 80MG CP (NIG),Export,2024.0,242.48999999999998,823.0,19
NUVAL COMPOSITUM TAB.160/10MG CP (GTM),Export,2024.0,0.0,0.0,3
NUVAL COMPOSITUM TAB.160/10MG CP (GTM),Export,2025.0,1584.24,943.0,3
NUVAL COMPOSITUMTAB.160/10MGCP(GTM)1X2'S,Export,2024.0,0.0,0.0,3
NUVAL COMPOSITUMTAB.160/10MGCP(GTM)1X2'S,Export,2025.0,0.0,0.0,5
OMRON BODY COMP MONITOR BF-508,Medical Device,2024.0,0.0,44.0,16
OMRON BODY COMP MONITOR BF-508,Medical Device,2025.0,0.0,11.0,1
OMRON ECO TEMP BASIC MC-246,Medical Device,2024.0,0.0,2661.0,141
OMRON ECO TEMP BASIC MC-246,Medical Device,2025.0,0.0,2517.0,111
OMRON EVOLV BPM HEM-7600T-E,Medical Device,2024.0,0.0,164.0,28
OMRON EVOLV BPM HEM-7600T-E,Medical Device,2025.0,0.0,285.0,72
OMRON M1 BASIC BPM HEM-7121,Medical Device,2024.0,0.0,21950.0,428
OMRON M1 BASIC BPM HEM-7121,Medical Device,2025.0,0.0,3929.0,122
OMRON M1 LIMITED EDITION PACK (DH),Medical Device,2024.0,0.0,7594.0,123
OMRON M1 LIMITED EDITION PACK (DH),Medical Device,2025.0,0.0,36327.0,702
OMRON M3 COMFORT BPM HEM-7155,Medical Device,2024.0,0.0,1581.0,163
OMRON M3 COMFORT BPM HEM-7155,Medical Device,2025.0,0.0,1453.0,212
OMRON M7 INTELLI IT BPM HEM-7361,Medical Device,2024.0,0.0,1333.0,187
OMRON M7 INTELLI IT BPM HEM-7361,Medical Device,2025.0,0.0,1454.0,244
OMRON NEBULIZER NE-C101-E ESSENTIAL,Medical Device,2024.0,0.0,1063.0,45
OMRON NEBULIZER NE-C101-E ESSENTIAL,Medical Device,2025.0,0.0,1815.0,87
OMRON RS1 BPM HEM-6160,Medical Device,2024.0,0.0,3348.0,162
OMRON RS1 BPM HEM-6160,Medical Device,2025.0,0.0,1795.0,92
OMRON WEIGH SCALE HN-289 MIDNIGHT BLACK,Medical Device,2024.0,0.0,371.0,50
OMRON WEIGH SCALE HN-289 MIDNIGHT BLACK,Medical Device,2025.0,0.0,461.0,62
ONITA SAC. 2G CP 1X7'S,Pharma,2024.0,65014561.97,142065.0,1303
ONITA SAC. 2G CP 1X7'S,Pharma,2025.0,17573153.95,159574.0,1627
"OPT-D CAP. 100,000IU CP 1X2'S",Nutraceutical,2024.0,7522326.99,36348.0,428
"OPT-D CAP. 100,000IU CP 1X2'S",Nutraceutical,2025.0,9316917.22,40598.0,487
"OPT-D CAP. 200,000IU CP 1X1'S",Export,2024.0,0.0,0.0,1
"OPT-D CAP. 200,000IU CP 1X1'S",Nutraceutical,2024.0,68109391.94,385932.0,2232
"OPT-D CAP. 200,000IU CP 1X1'S",Nutraceutical,2025.0,123448535.13,517225.0,2565
"OPT-D CAP. 25,000IU CP 1X4'S",Nutraceutical,2024.0,6296634.42,43351.0,538
"OPT-D CAP. 25,000IU CP 1X4'S",Nutraceutical,2025.0,9376118.7,55824.0,596
"OPT-D ORAL / IM INJ. 200,000 IU CP (AFG)",Export,2024.0,0.0,0.0,7
"OPT-D ORAL / IM INJ. 200,000 IU CP (AFG)",Export,2025.0,0.0,0.0,8
"OPT-D ORAL / IM INJ. 200,000 IU CP 1X1'S",Pharma,2024.0,30832144.61,302746.0,1338
"OPT-D ORAL / IM INJ. 200,000 IU CP 1X1'S",Pharma,2025.0,46439275.58,422448.0,1844
ORSLIM CAP. 120MG CP (CMB),Export,2024.0,0.0,0.0,1
ORSLIM CAP. 120MG CP (MMR),Export,2025.0,4890.0,978.0,2
ORSLIM CAP. 120MG CP (QA) 30'S,Export,2025.0,4365.0,1066.0,2
ORSLIM CAP. 120MG CP (SLK) 3X10'S,Export,2024.0,8489.64,2604.0,20
ORSLIM CAP. 120MG CP (SLK) 3X10'S,Export,2025.0,3153.62,817.0,17
ORSLIM CAP. 120MG CP (TJS) 30'S,Export,2025.0,0.0,180.0,3
ORSLIM CAP. 120MG CP 3X10'S,Export,2024.0,530.0,100.0,1
ORSLIM CAP. 120MG CP 3X10'S,Pharma,2024.0,15434266.540000001,244531.0,1688
ORSLIM CAP. 120MG CP 3X10'S,Pharma,2025.0,33081020.42,313161.0,1790
ORSLIM CAP. 120MG PS (SLK) 4'S,Export,2024.0,0.0,460.0,5
ORSLIM CAP. 120MG PS (SLK) 4'S,Export,2025.0,0.0,1560.0,9
OXABAN TAB. 10MG CP (SN) 2X10'S,Export,2024.0,0.0,0.0,1
OXABAN TAB. 10MG CP (SN) 2X10'S,Export,2025.0,2588.85,1665.0,5
OXABAN TAB. 15MG CP (SN) 4X7'S,Export,2024.0,0.0,0.0,1
OXABAN TAB. 15MG CP (SN) 4X7'S,Export,2025.0,2928.0,1155.0,4
OXABAN TAB. 20MG CP (SN) 4X7'S,Export,2024.0,0.0,0.0,1
OXABAN TAB. 20MG CP (SN) 4X7'S,Export,2025.0,6600.0,1958.0,5
OXIVORT TAB. 10MG CP (IQ) 4X7'S,Export,2024.0,0.0,0.0,4
OXIVORT TAB. 10MG CP (IQ) 4X7'S,Export,2025.0,0.0,0.0,1
OXIVORT TAB. 10MG CP 2X7'S,Pharma,2024.0,5383947.38,17920.0,294
OXIVORT TAB. 10MG CP 2X7'S,Pharma,2025.0,651085.8,2085.0,37
OXIVORT TAB. 15MG CP (IQ) 4X7'S,Export,2024.0,0.0,0.0,7
OXIVORT TAB. 15MG CP (IQ) 4X7'S,Export,2025.0,0.0,0.0,1
OXIVORT TAB. 20MG CP 2X7'S,Pharma,2024.0,1468364.61,3011.0,79
OXIVORT TAB. 20MG CP 2X7'S,Pharma,2025.0,11434.449999999999,23.0,1
OXIVORT TAB. 5MG CP (IQ) 4X7'S,Export,2024.0,0.0,0.0,2
OXIVORT TAB. 5MG CP (IQ) 4X7'S,Export,2025.0,0.0,0.0,1
PARIDOPA TAB. 100/25/200MG CP 3X10'S,Pharma,2024.0,11146663.82,31593.0,844
PARIDOPA TAB. 100/25/200MG CP 3X10'S,Pharma,2025.0,123580.66,30184.0,720
PARIDOPA TAB. 125/31.25/200MG CP 3X10'S,Pharma,2024.0,25497.88,1467.0,83
PARIDOPA TAB. 125/31.25/200MG CP 3X10'S,Pharma,2025.0,27970.2,1095.0,53
PARIDOPA TAB. 150/37.5/200MG CP 3X10'S,Pharma,2024.0,0.0,4269.0,165
PARIDOPA TAB. 150/37.5/200MG CP 3X10'S,Pharma,2025.0,19220.6,5785.0,198
PARIDOPA TAB. 200/50/200MG CP 3X10'S,Pharma,2024.0,32947.76,15947.0,501
PARIDOPA TAB. 200/50/200MG CP 3X10'S,Pharma,2025.0,27604.88,18251.0,539
PARIDOPA TAB. 50/12.5/200MG CP 3X10'S,Pharma,2024.0,9180501.42,10883.0,306
PARIDOPA TAB. 50/12.5/200MG CP 3X10'S,Pharma,2025.0,10440808.91,11635.0,325
PARIDOPA TAB. 75/18.75/200MG CP 2X7'S,Pharma,2024.0,276953.95,725.0,29
PARIDOPA TAB. 75/18.75/200MG CP 2X7'S,Pharma,2025.0,197376.05,515.0,17
PEMBROLIZUMAB INJ. 100MG CP 1X1'S,Pharma,2025.0,0.0,158.0,70
PERABACTUM INJ. 1G CP,Other,2024.0,0.0,0.0,5
PERABACTUM INJ. 1G CP,Other,2025.0,0.0,0.0,20
PERABACTUM INJ. 1G PS,Other,2024.0,0.0,0.0,2
PERABACTUM INJ. 1G PS,Other,2025.0,19940.0,997.0,1
PERABACTUM INJ. 2G CP,Other,2024.0,0.0,0.0,5
PERABACTUM INJ. 2G CP,Other,2025.0,0.0,0.0,19
PERABACTUM INJ. 2G PS,Other,2024.0,0.0,1236.0,4
PHYTUS SYP. CP 1X120ML,Herbal,2024.0,12811133.52,42014.0,470
PHYTUS SYP. CP 1X120ML,Herbal,2025.0,7207531.69,21787.0,287
PREGAB-Q CAP 25MG CP (KEN) 20'S,Export,2024.0,0.0,0.0,1
PREGAB-Q CAP 50MG CP (KEN) 20'S,Export,2024.0,0.0,0.0,1
PREGAB-Q CAP 75MG CP (KEN) 20'S,Export,2024.0,0.0,0.0,1
PRESUVAS TAB. 10MG CP (PHL) 100'S,Export,2025.0,0.0,0.0,1
QSITA M TAB. 50/1000MG CP (KEN) 10'S,Export,2024.0,0.0,190.0,4
QSITA M TAB. 50/1000MG CP (KEN) 10'S,Export,2025.0,0.0,983.0,4
QSITA M TAB. 50/500MG CP (KEN) 10'S,Export,2024.0,0.0,521.0,6
QSITA M TAB. 50/500MG CP (KEN) 10'S,Export,2025.0,0.0,1284.0,8
QSITA TAB. 100MG CP (KEN) 14'S,Export,2024.0,1158.0,965.0,1
QSITA TAB. 50MG CP (KEN) 14'S,Export,2024.0,838.1,986.0,1
RAMIPACE TAB. 1.25MG CP (AFG) 2X14'S,Export,2024.0,39958.340000000004,1209.0,9
RAMIPACE TAB. 1.25MG CP (AFG) 2X14'S,Export,2025.0,5990.46,238.0,6
RAMIPACE TAB. 1.25MG CP 2X14'S,Pharma,2024.0,34442361.23,118037.0,969
RAMIPACE TAB. 1.25MG CP 2X14'S,Pharma,2025.0,35240856.53,112098.0,1073
RAMIPACE TAB. 10MG CP (AFG) 2X14'S,Export,2024.0,201353.45,4762.0,11
RAMIPACE TAB. 10MG CP (AFG) 2X14'S,Export,2025.0,0.0,0.0,1
RAMIPACE TAB. 10MG CP 2X14'S,Pharma,2024.0,25056928.58,36146.0,619
RAMIPACE TAB. 10MG CP 2X14'S,Pharma,2025.0,25905717.15,30171.0,583
RAMIPACE TAB. 2.5MG CP (AFG) 2X14'S,Export,2024.0,31985.8,868.0,11
RAMIPACE TAB. 2.5MG CP (AFG) 2X14'S,Export,2025.0,0.0,0.0,4
RAMIPACE TAB. 2.5MG CP 2X14'S,Pharma,2024.0,125365498.03999999,330080.0,1767
RAMIPACE TAB. 2.5MG CP 2X14'S,Pharma,2025.0,139763948.76,321281.0,1922
RAMIPACE TAB. 2.5MG CP DGDP 2X14'S,Pharma,2024.0,506635.50000000006,3675.0,20
RAMIPACE TAB. 2.5MG CP DGDP 2X14'S,Pharma,2025.0,1210299.15,5745.0,25
RAMIPACE TAB. 2.5MG CP MSDS 150X14'S,Pharma,2024.0,0.0,38.089999999999996,2
RAMIPACE TAB. 2.5MG CP MSDS 150X14'S,Pharma,2025.0,0.0,47.62,2
RAMIPACE TAB. 5MG CP (AFG) 2X14'S,Export,2024.0,0.0,0.0,5
RAMIPACE TAB. 5MG CP (AFG) 2X14'S,Export,2025.0,0.0,0.0,6
RAMIPACE TAB. 5MG CP 2X14'S,Pharma,2024.0,102150168.13,215084.0,1518
RAMIPACE TAB. 5MG CP 2X14'S,Pharma,2025.0,110203374.27,204843.0,1657
RAMIPACE TAB. 5MG CP MSDS 150X14'S,Pharma,2024.0,0.0,103.768,8
RAMIPACE TAB. 5MG CP MSDS 150X14'S,Pharma,2025.0,0.0,223.79,8
RASTOR TAB. 10MG CP (GHN) 30'S,Export,2024.0,0.0,0.0,1
RASTOR TAB. 20MG CP (GHN) 30'S,Export,2024.0,0.0,0.0,1
REDEXA CAP. 30MG CP (AFG) 3X10'S,Export,2024.0,40811.04,2634.0,12
REDEXA CAP. 30MG CP (AFG) 3X10'S,Export,2025.0,12195.300000000001,1191.0,8
REDEXA CAP. 30MG CP (TJS) 30'S,Export,2025.0,0.0,266.0,3
REDEXA CAP. 30MG CP 3X10'S,Pharma,2024.0,15376533.77,40047.0,660
REDEXA CAP. 30MG CP 3X10'S,Pharma,2025.0,10136310.49,24871.0,354
REDEXA CAP. 60MG CP (AFG) 3X10'S,Export,2024.0,24796.82,457.0,11
REDEXA CAP. 60MG CP (AFG) 3X10'S,Export,2025.0,0.0,2005.0,11
REDEXA CAP. 60MG CP 3X10'S,Pharma,2024.0,26795432.73,46267.0,659
REDEXA CAP. 60MG CP 3X10'S,Pharma,2025.0,17588802.4,27875.0,413
REESTATIN TAB. 10MG CP (PHL) 10X10'S,Export,2025.0,0.0,0.0,1
REKLAIM SAC. CP (QA) 30'S,Export,2024.0,0.0,0.0,3
REKLAIM SAC. CP (QA) 30'S,Export,2025.0,0.0,331.0,3
REKLAIM SAC. CP (TJS) 1X30’S,Export,2025.0,1239.3,1051.0,3
REKLAIM SAC. CP (UZB) 30'S,Export,2024.0,0.0,0.0,2
REKLAIM SAC. CP (UZB) 30'S,Export,2025.0,704.85,927.0,8
RETZOLE TAB. 2.5MG CP 1X10'S,Pharma,2024.0,321846.92000000004,24780.0,400
RETZOLE TAB. 2.5MG CP 1X10'S,Pharma,2025.0,184817.1,36178.0,531
REVOLIC TAB. CP 2X15'S,Nutraceutical,2024.0,11668572.88,24322.0,640
REVOLIC TAB. CP 2X15'S,Nutraceutical,2025.0,7779670.88,15746.0,388
RITUXIM INJ. 500MG/50ML 1X1'S,Pharma,2024.0,0.0,3436.0,385
RITUXIM INJ. 500MG/50ML 1X1'S,Pharma,2025.0,0.0,5514.0,507
RITUXIM INJ.100MG/10ML 1X2'S,Pharma,2024.0,0.0,2832.0,275
RITUXIM INJ.100MG/10ML 1X2'S,Pharma,2025.0,0.0,2145.0,266
RIVA Q TAB. 10MG CP (KEN) 10'S,Export,2024.0,0.0,0.0,2
RIVA Q TAB. 10MG CP (KEN) 10'S,Export,2025.0,0.0,587.0,2
RIVA Q TAB. 15MG CP (KEN) 10'S,Export,2024.0,0.0,0.0,1
RIVA Q TAB. 15MG CP (KEN) 10'S,Export,2025.0,0.0,180.0,2
RIVA Q TAB. 20MG CP (KEN) 10'S,Export,2024.0,0.0,0.0,3
RIVA Q TAB. 20MG CP (KEN) 10'S,Export,2025.0,0.0,493.0,2
ROSANOVA TAB. 10MG CP (KEN) 3X10’S,Export,2025.0,0.0,137.0,2
ROSANOVA TAB. 20MG CP (KEN),Export,2024.0,0.0,0.0,1
ROSU Q TAB. 10MG CP (KEN) 30'S,Export,2024.0,0.0,0.0,2
ROSU Q TAB. 10MG CP (KEN) 30'S,Export,2025.0,0.0,197.0,2
ROSU Q TAB. 20MG CP (KEN) 30'S,Export,2024.0,0.0,0.0,1
ROSU Q TAB. 20MG CP (KEN) 30'S,Export,2025.0,0.0,182.0,2
ROSU Q TAB. 5MG CP (KEN) 30'S,Export,2024.0,1184.3999999999999,987.0,1
ROSUNAV TAB. 10MG CP (PHL) 10X10'S,Export,2024.0,0.0,0.0,1
ROSUNAV TAB. 10MG CP (PHL) 10X10'S,Export,2025.0,0.0,0.0,1
ROSUVASTATIN TAB. 10MG CP (PHL) 10X10'S,Export,2025.0,0.0,0.0,1
SACVIN TAB. 100MG CP (AFG) 30'S,Export,2024.0,0.0,0.0,1
SACVIN TAB. 100MG CP (AFG) 30'S,Export,2025.0,186777.98,997.0,5
SACVIN TAB. 100MG CP (SLK) 30'S,Export,2024.0,7813.4400000000005,1353.0,3
SACVIN TAB. 100MG CP (SLK) 30'S,Export,2025.0,12734.220000000001,1623.0,6
SACVIN TAB. 100MG CP 3X10'S,Export,2025.0,1300.0,100.0,1
SACVIN TAB. 100MG CP 3X10'S,Pharma,2024.0,3676125.46,63406.0,897
SACVIN TAB. 100MG CP 3X10'S,Pharma,2025.0,6527444.06,71832.0,1027
SACVIN TAB. 100MG PS (SLK) 4'S,Export,2024.0,0.0,1010.0,3
SACVIN TAB. 100MG PS (SLK) 4'S,Export,2025.0,0.0,440.0,5
SACVIN TAB. 200MG CP (SLK) 3X10'S,Export,2024.0,15345.4,1430.0,3
SACVIN TAB. 200MG CP (SLK) 3X10'S,Export,2025.0,11091.86,962.0,2
SACVIN TAB. 200MG CP 3X10'S,Export,2025.0,1700.0,100.0,1
SACVIN TAB. 200MG CP 3X10'S,Pharma,2024.0,0.0,7026.0,155
SACVIN TAB. 200MG CP 3X10'S,Pharma,2025.0,38700.0,9259.0,200
SACVIN TAB. 24/26MG CP (IQ) 3X10'S,Export,2024.0,0.0,0.0,6
SACVIN TAB. 24/26MG CP (IQ) 3X10'S,Export,2025.0,0.0,0.0,1
SACVIN TAB. 49/51MG CP (IQ) 3X10'S,Export,2024.0,4738.45,977.0,6
SACVIN TAB. 49/51MG CP (IQ) 3X10'S,Export,2025.0,0.0,0.0,1
SACVIN TAB. 50MG CP (AFG) 3X10'S,Export,2024.0,0.0,0.0,1
SACVIN TAB. 50MG CP (AFG) 3X10'S,Export,2025.0,0.0,0.0,3
SACVIN TAB. 50MG CP (SLK) 3X10'S,Export,2024.0,515.0,100.0,10
SACVIN TAB. 50MG CP (SLK) 3X10'S,Export,2025.0,0.0,0.0,8
SACVIN TAB. 50MG CP 3X10'S,Export,2025.0,2000.0,250.0,2
SACVIN TAB. 50MG CP 3X10'S,Pharma,2024.0,91283511.18,245150.0,2043
SACVIN TAB. 50MG CP 3X10'S,Pharma,2025.0,38710878.27,331633.0,2321
SACVIN TAB. 50MG PS (SLK) 4'S,Export,2024.0,0.0,0.0,3
SACVIN TAB. 50MG PS (SLK) 4'S,Export,2025.0,0.0,0.0,2
SARTAPINE TAB. 160/10MG CP (SN) 4X7'S,Export,2024.0,0.0,0.0,1
SARTAPINE TAB. 160/10MG CP (SN) 4X7'S,Export,2025.0,1892.8,874.0,4
SARTAPINE TAB. 160/5MG CP (SN) 4X7'S,Export,2024.0,0.0,0.0,1
SARTAPINE TAB. 160/5MG CP (SN) 4X7'S,Export,2025.0,1783.6,824.0,4
SARTAPINE TAB. 80/5MG CP (SN) 4X7'S,Export,2024.0,1617.0,980.0,1
SARTAPINE TAB. 80/5MG CP (SN) 4X7'S,Export,2025.0,924.0,659.0,3
SCIFIX CAP. 400MG CP 1 X 5’S,Other,2024.0,0.0,0.0,4
SCIFIX CAP. 400MG CP 1 X 5’S,Other,2025.0,0.0,0.0,1
SCIFIX DS SUSP. 200MG/5ML CP 30ML,Other,2024.0,0.0,0.0,12
SCIFIX DS SUSP. 200MG/5ML CP 30ML,Other,2025.0,0.0,0.0,4
SCIFIX SUSP. 100MG/5ML CP 30ML,Other,2024.0,0.0,0.0,25
SCIFIX SUSP. 100MG/5ML CP 30ML,Other,2025.0,0.0,0.0,6
SECURIN TAB. 10MG CP (IQ) 30'S,Export,2024.0,0.0,0.0,6
SECURIN TAB. 2.5MG CP (IQ) 30'S,Export,2024.0,0.0,0.0,6
SECURIN TAB. 5MG CP (IQ) 30'S,Export,2024.0,0.0,0.0,6
SETSPIN TAB. 16MG CP 3X10'S,Pharma,2024.0,0.0,0.0,2
SETSPIN TAB. 16MG CP 3X10'S,Pharma,2025.0,332350.0,3415.0,10
SETSPIN TAB. 16MG PS 2'S,Pharma,2024.0,0.0,0.0,1
SETSPIN TAB. 16MG PS 2'S,Pharma,2025.0,0.0,0.0,2
SETSPIN TAB. 24MG CP (BWA) 30'S,Export,2024.0,0.0,0.0,1
SHEVIT TAB. CP (AFG) 1X30’S,Export,2024.0,0.0,0.0,1
SHEVIT TAB. CP (AFG) 1X30’S,Export,2025.0,30749.420000000002,1043.0,11
SHEVIT TAB. CP 1X30'S,Export,2024.0,570.0,300.0,1
SHEVIT TAB. CP 1X30'S,Nutraceutical,2024.0,47540871.73,177393.0,1856
SHEVIT TAB. CP 1X30'S,Nutraceutical,2025.0,59414963.99,220258.0,2124
SOVELPA TAB. 400/100MG CP (KSV) 28'S,Export,2024.0,19935.0,443.0,1
SOVELPA TAB. 400/100MG CP (MLI) 28'S,Export,2024.0,4871.4,345.0,1
SOVELPA TAB. 400/100MG CP (MMR) 4X7'S,Export,2024.0,63612.0,1767.0,5
SOVELPA TAB. 400/100MG CP (MMR) 4X7'S,Export,2025.0,11936.0,1742.0,4
SOVELPA TAB. 400/100MG CP (TJS) 28'S,Export,2024.0,27446.1,1772.0,4
SOVELPA TAB. 400/100MG CP (TJS) 28'S,Export,2025.0,9321.76,876.0,2
SPARLIV TAB. CP (AFG) 1X30'S,Export,2024.0,0.0,0.0,1
SPARLIV TAB. CP 1X30'S,Nutraceutical,2024.0,32208317.41,54622.0,812
SPARLIV TAB. CP 1X30'S,Nutraceutical,2025.0,40691621.31,60863.0,996
SPECTRIX TAB. 250MG CP,Pharma,2024.0,0.0,30.0,7
SPECTRIX TAB. 250MG CP,Pharma,2025.0,0.0,0.0,9
SPECTRIX TAB. 250MG CP 6X10'S,Pharma,2024.0,0.0,0.0,1
SPECTRIX TAB. 250MG CP 6X10'S,Pharma,2025.0,221850.0,493.0,2
SPECTRIX TAB. 250MG PS,Pharma,2024.0,0.0,0.0,2
SPECTRIX TAB. 250MG PS,Pharma,2025.0,0.0,0.0,2
SPECTRIX TAB. 500MG CP (CMB),Export,2024.0,0.0,0.0,1
SPECTRIX TAB. 500MG CP (IQ) 10'S,Export,2024.0,0.0,0.0,6
SPECTRIX TAB. 500MG CP (KEN),Export,2024.0,0.0,0.0,2
SPECTRIX TAB. 500MG CP 1X10'S,Pharma,2024.0,0.0,0.0,5
SPECTRIX TAB. 500MG CP 1X10'S,Pharma,2025.0,0.0,761.0,11
SPECTRIX TAB. 500MG CP 6X10'S,Pharma,2025.0,322065.0,421.0,3
SPECTRIX TAB. 500MG PS 1'S,Pharma,2024.0,0.0,0.0,1
SPECTRIX TAB. 500MG PS 1'S,Pharma,2025.0,0.0,0.0,2
SPEDICAM TAB. 8MG CP (MMR),Export,2024.0,0.0,0.0,6
SPEDICAM TAB. 8MG CP (MMR),Export,2025.0,0.0,0.0,8
SPS JAR 100G CP,Pharma,2024.0,696960.0,1122.0,7
SPS JAR 100G CP,Pharma,2025.0,239040.0,332.0,1
SPS JAR 15G CP,Pharma,2024.0,59892.0,1511.0,14
SPS JAR 15G CP,Pharma,2025.0,0.0,0.0,18
STEVO SAC. 1GM CP 1X50'S,Medical Device,2024.0,9686475.86,24277.0,292
STEVO SAC. 1GM CP 1X50'S,Medical Device,2025.0,5406103.07,14890.0,206
STEVO TAB. 15MG CP 100'S,Medical Device,2024.0,7789467.0,24594.0,240
STEVO TAB. 15MG CP 100'S,Medical Device,2025.0,6841832.819999999,21834.0,298
STEVO TAB. 15MG CP 200'S,Medical Device,2024.0,6781549.02,15862.0,130
STEVO TAB. 15MG CP 200'S,Medical Device,2025.0,8530290.85,18896.0,246
SUPERCRAN SAC. CP (AFG) 1X10’S,Export,2024.0,0.0,693.0,4
SUPERCRAN SAC. CP (AFG) 1X10’S,Export,2025.0,26546.41,2419.0,11
SUPERCRAN SAC. CP (GTM) 10'S,Export,2024.0,0.0,137.0,4
SUPERCRAN SAC. CP (GTM) 10'S,Export,2025.0,170.5,1289.0,7
SUPERCRAN SAC. CP (GTM) 1X2'S,Export,2024.0,0.0,0.0,3
SUPERCRAN SAC. CP (GTM) 1X2'S,Export,2025.0,98.0,958.0,6
SUPERCRAN SAC. CP (TJS) 10'S,Export,2025.0,0.0,636.0,7
SUPERCRAN SAC. CP 1X10'S,Export,2024.0,650.0,500.0,1
SUPERCRAN SAC. CP 1X10'S,Nutraceutical,2024.0,10799027.42,40111.0,564
SUPERCRAN SAC. CP 1X10'S,Nutraceutical,2025.0,10801665.81,43628.0,427
TANSIN 50MG TAB. DGH INST. CP 10'S GREEN,Pharma,2025.0,1298.14,47.0,42
TANSIN DS TAB. 100MG CP 1X10'S,Pharma,2024.0,6457109.9,27978.0,381
TANSIN DS TAB. 100MG CP 1X10'S,Pharma,2025.0,6210968.34,26993.0,402
TANSIN TAB. 50MG CP 1X10'S,Pharma,2024.0,33995783.68,215504.0,1369
TANSIN TAB. 50MG CP 1X10'S,Pharma,2025.0,33521044.86,203038.0,1379
TANSIN TAB. 50MG CP DGDP 1X10'S,Pharma,2025.0,108471.93,2751.0,64
TANSIN TAB. 50MG CP INST. 150X10’S,Pharma,2024.0,0.0,776.673,10
TANSIN TAB. 50MG CP INST. 150X10’S,Pharma,2025.0,58548.0,114.0,2
TANSIN TAB. 50MG INST.PUNJAB 150X10S FIC,Pharma,2025.0,0.0,4191.754,9
TANSIN TAB.50MGCP CPEIC INSTGREEN150X10S,Pharma,2024.0,0.0,1735.885,5
TANSIN TAB.50MGCP CPEIC INSTGREEN150X10S,Pharma,2025.0,0.0,2333.33,5
TANSIN TAB.50MGCP RIC INST.GREEN150X10'S,Pharma,2024.0,0.0,66.666,2
TELMACE TAB. 40MG CP (KEN),Export,2025.0,0.0,135.0,2
TELSARTA D TAB. 40/12.5MG CP (CMB),Export,2025.0,0.0,299.0,2
TELSARTA TAB. 20MG CP 1X10'S,Pharma,2024.0,14484997.13,108025.0,1008
TELSARTA TAB. 20MG CP 1X10'S,Pharma,2025.0,18005712.12,117957.0,1123
TELSARTA TAB. 40MG CP (MDV),Export,2024.0,0.0,160.0,4
TELSARTA TAB. 40MG CP (MDV),Export,2025.0,0.0,1002.0,3
TELSARTA TAB. 40MG CP 1X10'S,Pharma,2024.0,42305432.11,203816.0,1356
TELSARTA TAB. 40MG CP 1X10'S,Pharma,2025.0,52011806.99,227675.0,1623
TELSARTA TAB. 80MG CP (GTM) 2’S,Export,2024.0,0.0,0.0,3
TELSARTA TAB. 80MG CP (GTM) 2’S,Export,2025.0,0.0,0.0,2
TELSARTA TAB. 80MG CP (GTM) 30'S,Export,2024.0,1934.0,967.0,1
TELSARTA TAB. 80MG CP (GTM) 30'S,Export,2025.0,0.0,0.0,1
TELSARTA TAB. 80MG CP 2X5'S,Pharma,2024.0,15212205.92,54054.0,623
TELSARTA TAB. 80MG CP 2X5'S,Pharma,2025.0,18770688.88,55740.0,721
TELSARTA-A TAB. 10/40MG CP 2X5'S,Pharma,2024.0,16433107.65,84379.0,893
TELSARTA-A TAB. 10/40MG CP 2X5'S,Pharma,2025.0,19434355.89,82942.0,958
TELSARTA-A TAB. 10/80MG CP 2X5'S,Pharma,2024.0,28275166.78,112081.0,1057
TELSARTA-A TAB. 10/80MG CP 2X5'S,Pharma,2025.0,30558759.65,94610.0,1007
TELSARTA-A TAB. 5/40MG CP 2X7'S,Pharma,2024.0,79114605.1,287211.0,1813
TELSARTA-A TAB. 5/40MG CP 2X7'S,Pharma,2025.0,74830012.89,259210.0,1617
TELSARTA-A TAB. 5/80MG CP (IQ) 28'S,Export,2025.0,0.0,0.0,1
TELSARTA-A TAB. 5/80MG CP 2X7'S,Pharma,2024.0,44397754.05,111811.0,1024
TELSARTA-A TAB. 5/80MG CP 2X7'S,Pharma,2025.0,44328902.87,106516.0,991
TELSARTA-D TAB. 40/12.5MG CP 2X7'S,Pharma,2024.0,31828121.46,111060.0,1010
TELSARTA-D TAB. 40/12.5MG CP 2X7'S,Pharma,2025.0,39200156.54,110425.0,1033
TELSARTA-D TAB. 80/12.5MG CP (GTM) 2'S,Export,2024.0,0.0,0.0,1
TELSARTA-D TAB. 80/12.5MG CP (GTM) 2'S,Export,2025.0,0.0,0.0,2
TELSARTA-D TAB. 80/12.5MG CP (GTM) 28'S,Export,2024.0,0.0,0.0,1
TELSARTA-D TAB. 80/12.5MG CP (GTM) 28'S,Export,2025.0,0.0,0.0,1
TELSARTA-D TAB. 80/12.5MG CP 2X7'S,Pharma,2024.0,25194986.189999998,55409.0,642
TELSARTA-D TAB. 80/12.5MG CP 2X7'S,Pharma,2025.0,27312107.31,57770.0,658
TENOVA PLUS TAB. 25MG CP (AFG) 3X10'S,Export,2024.0,0.0,0.0,1
TENOVA PLUS TAB. 25MG CP (AFG) 3X10'S,Export,2025.0,0.0,0.0,1
TENOVA PLUS TAB. 25MG CP (TJS) 30'S,Export,2024.0,0.0,0.0,1
TENOVA PLUS TAB. 25MG CP (TJS) 30'S,Export,2025.0,0.0,0.0,1
THEWRIL CAP. 4MG CP 1X20'S,Pharma,2024.0,26947656.03,73720.0,745
THEWRIL CAP. 4MG CP 1X20'S,Pharma,2025.0,42423817.44,93433.0,951
TIOCAP CAP. 18MCG CP (AFG) 3X10'S,Export,2025.0,0.0,0.0,1
TIOCAP CAP. 18MCG CP 1X6'S,Pharma,2024.0,18712649.36,208582.0,1176
TIOCAP CAP. 18MCG CP 1X6'S,Pharma,2025.0,10981417.08,99891.0,621
TIOCAP CAP. 18MCG CP 3X10'S,Pharma,2024.0,11369520.360000001,22054.0,325
TIOCAP CAP. 18MCG CP 3X10'S,Pharma,2025.0,29295049.8,56083.0,800
TRASZEPTIN 440MG INJ. 1X1'S,Pharma,2024.0,0.0,2856.0,330
TRASZEPTIN 440MG INJ. 1X1'S,Pharma,2025.0,0.0,5153.0,517
TREATAN TAB. 16MG CP 2X14'S,Pharma,2024.0,23282598.659999996,37280.0,561
TREATAN TAB. 16MG CP 2X14'S,Pharma,2025.0,24166857.369999997,34321.0,532
TREATAN TAB. 4MG CP 1X14'S,Pharma,2024.0,32128747.36,157726.0,972
TREATAN TAB. 4MG CP 1X14'S,Pharma,2025.0,40482699.03,173144.0,1058
TREATAN TAB. 8MG CP 1X14'S,Pharma,2024.0,34874028.87,141382.0,1079
TREATAN TAB. 8MG CP 1X14'S,Pharma,2025.0,43220273.45,154483.0,1162
TREATAN-D TAB. 16/12.5MG CP 2X14'S,Pharma,2024.0,16488012.530000001,26541.0,441
TREATAN-D TAB. 16/12.5MG CP 2X14'S,Pharma,2025.0,16112853.69,23305.0,422
TRIXAFIN INJ. 1G IM CP (AZN) 1'S,Export,2024.0,0.0,0.0,12
TRIXAFIN INJ. 1G IM CP (TJS) 1'S,Export,2025.0,0.0,0.0,1
TRIXAFIN INJ. 1G IV CP (AFG),Export,2024.0,0.0,1.0,34
TRIXAFIN INJ. 1G IV CP (GTM) 1X1'S,Export,2024.0,0.0,0.0,1
TRIXAFIN INJ. 1G IV CP (GTM) 1X1'S,Export,2025.0,0.0,0.0,3
TRIXAFIN INJ. 500MG IM CP (AZN) 1'S,Export,2024.0,0.0,0.0,12
TRIXAFIN INJ. 500MG IV CP (AFG),Export,2024.0,0.0,1.0,12
TROMIX TAB. 500MG CP (AZN) 1X6'S,Export,2024.0,0.0,0.0,4
TROMIX TAB. 500MG CP (AZN) 1X6'S,Export,2025.0,0.0,0.0,4
URITREAT CAP. 0.4MG CP 2X10'S,Pharma,2024.0,17586462.330000002,30809.0,508
URITREAT CAP. 0.4MG CP 2X10'S,Pharma,2025.0,17557667.33,24703.0,462
UTFIX CAP 0.4MG CP (BWA) 20'S,Export,2024.0,0.0,0.0,2
UTFIX CAP. 0.4MG CP (BWA) 30'S,Export,2024.0,1695.75,969.0,2
UTFIX CAP. 0.4MG CP (BWA) 30'S,Export,2025.0,0.0,383.0,3
UTFIX CAP. 0.4MG CP (IQ) 30'S,Export,2025.0,0.0,0.0,1
VANZAK TAB. 10MG CP 1X10'S,Pharma,2025.0,4620434.26,25482.0,252
VANZAK TAB. 20MG CP 1X10'S,Pharma,2025.0,31073920.919999998,109357.0,679
VAZCARE TAB 10MG CP (PHL) 100'S,Export,2024.0,0.0,0.0,1
VAZCARE TAB 10MG CP (PHL) 100'S,Export,2025.0,0.0,0.0,1
VERTEASE TAB. 8MG CP (KEN),Export,2024.0,0.0,140.0,2
VIBLE TAB. CP (AFG) 1X30'S,Export,2024.0,0.0,0.0,1
VIBLE TAB. CP (AFG) 1X30'S,Export,2025.0,79985.81,853.0,3
VIBLE TAB. CP 1X30'S,Nutraceutical,2024.0,47965274.36,83845.0,1060
VIBLE TAB. CP 1X30'S,Nutraceutical,2025.0,72399407.08,130097.0,1505
VOXAMINE TAB. 100MG CP 1X10'S,Pharma,2024.0,47136479.55,105000.0,894
VOXAMINE TAB. 100MG CP 1X10'S,Pharma,2025.0,53849431.83,102019.0,899
VOXAMINE TAB. 50MG CP 1X10'S,Pharma,2024.0,25343525.51,111974.0,925
VOXAMINE TAB. 50MG CP 1X10'S,Pharma,2025.0,28963569.080000002,112734.0,1034
WINZITH TAB. 250MG CP 1X6'S,Pharma,2024.0,0.0,0.0,3
WINZITH TAB. 250MG CP 1X6'S,Pharma,2025.0,0.0,0.0,18
WINZITH TAB. 250MG PS 2'S,Pharma,2024.0,0.0,0.0,2
WINZITH TAB. 250MG PS 2'S,Pharma,2025.0,0.0,0.0,6
WINZITH TAB. 500MG CP 1X6'S,Pharma,2024.0,0.0,0.0,7
WINZITH TAB. 500MG CP 1X6'S,Pharma,2025.0,53126.0,959.0,20
WINZITH TAB. 500MG PS 1'S,Pharma,2024.0,0.0,0.0,2
WINZITH TAB. 500MG PS 1'S,Pharma,2025.0,0.0,0.0,4
X-PLENDED EZ TAB. 10/10MG CP (AFG)1X10'S,Export,2024.0,0.0,0.0,1
X-PLENDED EZ TAB. 10/10MG CP (AFG)1X10'S,Export,2025.0,0.0,0.0,5
X-PLENDED EZ TAB. 10/10MG CP (IQ) 30'S,Export,2025.0,0.0,0.0,1
X-PLENDED EZ TAB. 10/10MG CP 1X10'S,Pharma,2024.0,49764333.69,267099.0,1825
X-PLENDED EZ TAB. 10/10MG CP 1X10'S,Pharma,2025.0,77146277.7,313856.0,1855
X-PLENDED EZ TAB. 20/10MG CP (AFG)1X10'S,Export,2024.0,39670.5,998.0,1
X-PLENDED EZ TAB. 20/10MG CP (AFG)1X10'S,Export,2025.0,0.0,0.0,4
X-PLENDED EZ TAB. 20/10MG CP (IQ) 3X10'S,Export,2024.0,0.0,0.0,8
X-PLENDED EZ TAB. 20/10MG CP (IQ) 3X10'S,Export,2025.0,0.0,0.0,15
X-PLENDED EZ TAB. 20/10MG CP 1X10'S,Pharma,2024.0,38835376.95,104323.0,973
X-PLENDED EZ TAB. 20/10MG CP 1X10'S,Pharma,2025.0,70215185.4,156012.0,1221
X-PLENDED EZ TAB. 5/10MG CP (AFG) 1X10'S,Export,2024.0,0.0,0.0,1
X-PLENDED EZ TAB. 5/10MG CP (AFG) 1X10'S,Export,2025.0,0.0,0.0,5
X-PLENDED EZ TAB. 5/10MG CP 1X10'S,Pharma,2024.0,16514640.83,94336.0,970
X-PLENDED EZ TAB. 5/10MG CP 1X10'S,Pharma,2025.0,24007424.41,119872.0,1141
X-PLENDED TAB. 10MG CP (AFG) 1X10'S,Export,2024.0,14172.699999999999,1401.0,13
X-PLENDED TAB. 10MG CP (AFG) 1X10'S,Export,2025.0,4302.0,345.0,11
X-PLENDED TAB. 10MG CP (CMB),Export,2025.0,0.0,287.0,2
X-PLENDED TAB. 10MG CP (IQ) 30'S,Export,2024.0,983.0,983.0,4
X-PLENDED TAB. 10MG CP (IQ) 30'S,Export,2025.0,0.0,0.0,2
X-PLENDED TAB. 10MG CP (MDV) 60'S,Export,2024.0,3969.0,2934.0,4
X-PLENDED TAB. 10MG CP (NIG) 30'S,Export,2024.0,0.0,944.0,4
X-PLENDED TAB. 10MG CP (NIG) 30'S,Export,2025.0,0.0,686.0,4
X-PLENDED TAB. 10MG CP (PHL),Export,2024.0,0.0,0.0,7
X-PLENDED TAB. 10MG CP (PHL),Export,2025.0,0.0,0.0,7
X-PLENDED TAB. 10MG CP (SLK) 60'S,Export,2024.0,1569.75,483.0,6
X-PLENDED TAB. 10MG CP (SLK) 60'S,Export,2025.0,1833.0,564.0,8
X-PLENDED TAB. 10MG CP (SWL) 30'S,Export,2024.0,5197.92,1911.0,3
X-PLENDED TAB. 10MG CP 1X10'S,Pharma,2024.0,124415046.29,478985.0,2690
X-PLENDED TAB. 10MG CP 1X10'S,Pharma,2025.0,189806028.86,596626.0,2974
X-PLENDED TAB. 10MG CP CPEIC INST 80X10S,Pharma,2024.0,0.0,0.0,3
X-PLENDED TAB. 10MG CP GREEN 80X10'S,Pharma,2024.0,0.0,110.0,2
X-PLENDED TAB. 10MG CP GREEN 80X10'S,Pharma,2025.0,0.0,101.0,4
X-PLENDED TAB. 10MG CP INST. 80X10'S,Pharma,2025.0,0.0,198.5,10
X-PLENDED TAB. 10MG CP INST. GREEN 10'S,Pharma,2025.0,0.0,0.0,2
X-PLENDED TAB. 10MG PS (SLK) 4'S,Export,2024.0,0.0,748.0,4
X-PLENDED TAB. 10MG PS (SLK) 4'S,Export,2025.0,0.0,846.0,4
X-PLENDED TAB. 20MG CP (AFG) 1X10'S,Export,2024.0,123638.40000000002,3392.0,10
X-PLENDED TAB. 20MG CP (AFG) 1X10'S,Export,2025.0,46455.36,892.0,6
X-PLENDED TAB. 20MG CP (GTM) 1X2'S,Export,2024.0,0.0,0.0,4
X-PLENDED TAB. 20MG CP (GTM) 1X2'S,Export,2025.0,0.0,0.0,5
X-PLENDED TAB. 20MG CP (GTM) 3X10'S,Export,2024.0,53.239999999999995,22.0,5
X-PLENDED TAB. 20MG CP (GTM) 3X10'S,Export,2025.0,0.0,0.0,4
X-PLENDED TAB. 20MG CP (IQ) 3X10'S,Export,2024.0,0.0,0.0,2
X-PLENDED TAB. 20MG CP (IQ) 3X10'S,Export,2025.0,0.0,0.0,1
X-PLENDED TAB. 20MG CP (MDV) 60'S,Export,2024.0,5017.95,2842.0,4
X-PLENDED TAB. 20MG CP (SLK) 60'S,Export,2024.0,9656.7,2076.0,9
X-PLENDED TAB. 20MG CP (SLK) 60'S,Export,2025.0,10331.6,1653.0,9
X-PLENDED TAB. 20MG CP 1X10'S,Pharma,2024.0,169219378.75,432180.0,2264
X-PLENDED TAB. 20MG CP 1X10'S,Pharma,2025.0,280433799.56,615865.0,2734
X-PLENDED TAB. 20MG CP GREEN 80X10'S,Pharma,2025.0,0.0,79.51299999999999,6
X-PLENDED TAB. 20MG CP INST. 80X10'S,Pharma,2025.0,0.0,686.607,12
X-PLENDED TAB. 20MG PS (SLK) 4'S,Export,2024.0,0.0,365.0,5
X-PLENDED TAB. 20MG PS (SLK) 4'S,Export,2025.0,0.0,1439.0,6
X-PLENDED TAB. 40MG CP (IQ) 3X10'S,Export,2024.0,0.0,0.0,2
X-PLENDED TAB. 40MG CP (IQ) 3X10'S,Export,2025.0,0.0,0.0,1
X-PLENDED TAB. 5MG CP (AFG) 1X10'S,Export,2024.0,30619.99,2062.0,8
X-PLENDED TAB. 5MG CP (AFG) 1X10'S,Export,2025.0,33434.1,1647.0,7
X-PLENDED TAB. 5MG CP (MDV) 30'S,Export,2024.0,0.0,0.0,2
X-PLENDED TAB. 5MG CP (MMR),Export,2025.0,392.40000000000003,981.0,1
X-PLENDED TAB. 5MG CP (SLK) 3X10'S,Export,2024.0,0.0,0.0,6
X-PLENDED TAB. 5MG CP (SLK) 3X10'S,Export,2025.0,1430.6399999999999,935.0,7
X-PLENDED TAB. 5MG CP (SWL) 3X10'S,Export,2024.0,2319.7799999999997,943.0,3
X-PLENDED TAB. 5MG CP (SWL) 3X10'S,Export,2025.0,0.0,104.0,2
X-PLENDED TAB. 5MG CP 1X10'S,Pharma,2024.0,47400185.38,303391.0,1891
X-PLENDED TAB. 5MG CP 1X10'S,Pharma,2025.0,65708879.8,353698.0,2177
X-PLENDED TAB. 5MG PS (SLK) 4'S,Export,2024.0,0.0,0.0,2
X-PLENDED TAB. 5MG PS (SLK) 4'S,Export,2025.0,0.0,432.0,5
XCEPT TAB. 10MG CP (AFG) 1X10'S,Export,2024.0,17762.5,626.0,10
XCEPT TAB. 10MG CP (AFG) 1X10'S,Export,2025.0,0.0,0.0,6
XCEPT TAB. 10MG CP (MLI) 10'S,Export,2025.0,3697.92,963.0,1
XCEPT TAB. 10MG CP (SLK) 1X10'S,Export,2024.0,1129.6200000000001,843.0,3
XCEPT TAB. 10MG CP (SLK) 1X10'S,Export,2025.0,484.0,550.0,6
XCEPT TAB. 10MG CP 1X10'S,Pharma,2024.0,107896517.97,354847.0,1837
XCEPT TAB. 10MG CP 1X10'S,Pharma,2025.0,120046984.28,361673.0,1936
XCEPT TAB. 10MG PS (SLK) 4'S,Export,2025.0,0.0,1814.0,4
XCEPT TAB. 15MG CP (AFG) 2X7'S,Export,2024.0,0.0,0.0,4
XCEPT TAB. 15MG CP (AFG) 2X7'S,Export,2025.0,0.0,0.0,2
XCEPT TAB. 15MG CP (AZN) 14'S,Export,2024.0,0.0,0.0,1
XCEPT TAB. 15MG CP (SLK) 2X7'S,Export,2024.0,1751.71,961.0,3
XCEPT TAB. 15MG CP (SLK) 2X7'S,Export,2025.0,1759.15,1165.0,9
XCEPT TAB. 15MG CP 2X7'S,Pharma,2024.0,92233739.47,181138.0,1402
XCEPT TAB. 15MG CP 2X7'S,Pharma,2025.0,109364585.79,197594.0,1543
XCEPT TAB. 15MG PS (SLK) 4'S,Export,2024.0,0.0,161.0,1
XCEPT TAB. 15MG PS (SLK) 4'S,Export,2025.0,0.0,397.0,6
XCEPT TAB. 2.5MG CP (AFG) 1X10'S,Export,2024.0,21486.66,978.0,1
XCEPT TAB. 2.5MG CP 1X10'S,Pharma,2024.0,31235183.45,142784.0,1090
XCEPT TAB. 2.5MG CP 1X10'S,Pharma,2025.0,38308258.769999996,156803.0,1230
XCEPT TAB. 20MG 63X7'S RIC  INST GREEN,Pharma,2025.0,0.0,79.36,1
XCEPT TAB. 20MG CP (AFG) 2X7'S,Export,2024.0,26445.4,460.0,6
XCEPT TAB. 20MG CP (AFG) 2X7'S,Export,2025.0,0.0,0.0,6
XCEPT TAB. 20MG CP (IQ) 28'S,Export,2025.0,0.0,0.0,1
XCEPT TAB. 20MG CP (SLK) 2X7'S,Export,2024.0,1406.37,543.0,2
XCEPT TAB. 20MG CP (SLK) 2X7'S,Export,2025.0,1979.5,1100.0,7
XCEPT TAB. 20MG CP 2X7'S,Pharma,2024.0,106678805.63000001,182412.0,1421
XCEPT TAB. 20MG CP 2X7'S,Pharma,2025.0,113891100.26,173377.0,1450
XCEPT TAB. 20MG INST. RIC 2X7'S,Pharma,2025.0,0.0,0.0,1
XCEPT TAB. 20MG PS (SLK) 4'S,Export,2025.0,0.0,378.0,4
XILICA CAP. 100MG CP 2X7'S,Pharma,2024.0,10772773.39,32433.0,503
XILICA CAP. 100MG CP 2X7'S,Pharma,2025.0,19076605.24,49875.0,695
XILICA CAP. 150MG CP (GTM) 2'S,Export,2024.0,0.0,0.0,2
XILICA CAP. 150MG CP (GTM) 2'S,Export,2025.0,1.75,5.0,3
XILICA CAP. 150MG CP (GTM) 28'S,Export,2024.0,0.0,0.0,2
XILICA CAP. 150MG CP (GTM) 28'S,Export,2025.0,0.0,0.0,2
XILICA CAP. 150MG CP 2X7'S,Pharma,2024.0,7939000.85,19305.0,312
XILICA CAP. 150MG CP 2X7'S,Pharma,2025.0,8126027.9,17937.0,324
XILICA CAP. 25MG CP 2X7'S,Pharma,2024.0,7413140.4,43838.0,552
XILICA CAP. 25MG CP 2X7'S,Pharma,2025.0,10258501.72,52178.0,696
XILICA CAP. 50MG CP (IQ) 14'S,Export,2024.0,0.0,0.0,2
XILICA CAP. 50MG CP 2X7'S,Pharma,2024.0,35379897.36000001,126243.0,1067
XILICA CAP. 50MG CP 2X7'S,Pharma,2025.0,48475903.31,161607.0,1292
XILICA CAP. 75MG CP (COG) 2X7'S,Export,2025.0,0.0,0.0,1
XILICA CAP. 75MG CP (GTM) 4X7'S,Export,2024.0,0.0,0.0,4
XILICA CAP. 75MG CP (GTM) 4X7'S,Export,2025.0,0.0,0.0,2
XILICA CAP. 75MG CP (GTM)1X2'S,Export,2024.0,0.0,0.0,4
XILICA CAP. 75MG CP (GTM)1X2'S,Export,2025.0,0.0,0.0,3
XILICA CAP. 75MG CP (IQ) 14'S,Export,2024.0,0.0,0.0,4
XILICA CAP. 75MG CP 2X7'S,Pharma,2024.0,45277654.72,152001.0,1215
XILICA CAP. 75MG CP 2X7'S,Pharma,2025.0,60221160.78,166244.0,1369
XILICA CAP. 75MG CP PUNJAB INST.GR 2X7’S,Pharma,2025.0,0.0,67.0,2
ZI-AD DISPERSIBLE TAB. 20MG CP (KEN) 10S,Export,2025.0,0.0,413.0,2
ZI-AD SYP. CP (KEN) 60ML,Export,2025.0,0.0,0.0,2
ZIBES 5MG TAB. CP (GTM) 2'S,Export,2024.0,0.0,0.0,2
ZIBES 5MG TAB. CP (GTM) 2'S,Export,2025.0,0.0,0.0,1
ZIBES 5MG TAB. CP (GTM) 30'S,Export,2024.0,0.0,0.0,2
ZIBES 5MG TAB. CP (GTM) 30'S,Export,2025.0,0.0,0.0,1
ZIBES TAB. 10MG CP 1X20'S,Pharma,2024.0,4663389.81,16078.0,273
ZIBES TAB. 10MG CP 1X20'S,Pharma,2025.0,6491048.78,19880.0,305
ZIBES TAB. 2.5MG CP (GTM) 1X2'S,Export,2024.0,0.0,0.0,3
ZIBES TAB. 2.5MG CP (GTM) 1X2'S,Export,2025.0,0.0,0.0,2
ZIBES TAB. 2.5MG CP (GTM) 2X14'S,Export,2024.0,848.32,964.0,2
ZIBES TAB. 2.5MG CP (GTM) 2X14'S,Export,2025.0,0.0,0.0,2
ZIBES TAB. 2.5MG CP 2X7'S,Pharma,2024.0,8189144.82,186446.0,1234
ZIBES TAB. 2.5MG CP 2X7'S,Pharma,2025.0,11605322.92,249669.0,1403
ZIBES TAB. 5MG CP 2X10'S,Pharma,2024.0,28156343.35,193043.0,1147
ZIBES TAB. 5MG CP 2X10'S,Pharma,2025.0,43712808.62,248325.0,1563
ZIBES TAB. 5MG CP FIC 100X10'S,Pharma,2024.0,0.0,3935.625,7
ZIBES TAB. 5MG CP FIC 100X10'S,Pharma,2025.0,0.0,7106.469999999999,11
ZIBES TAB. 5MG CP INST. 100X10'S,Pharma,2025.0,0.0,249.97,2
ZIBES TAB. 5MG INST. CPEIC 100X10'S,Pharma,2025.0,0.0,591.5999999999999,2
ZIBES TAB. 5MG INST. PIC 2X10'S,Pharma,2025.0,0.0,0.0,6
ZIBES TAB. 5MG INST. RIC 2X10'S,Pharma,2025.0,0.0,0.0,8
ZIBES TAB. 5MG PUNJAB INST.GR CP 20'S,Pharma,2024.0,0.0,0.0,5
ZIBES TAB.5MG CP PIC INST.GREEN 100X10'S,Pharma,2024.0,0.0,3000.0,8
ZIBES TAB.5MG CP RIC INST.GREEN 100X10'S,Pharma,2024.0,0.0,1400.0,4
ZILERO TAB. 2.5MG CP (SLK) 30’S,Export,2024.0,0.0,0.0,1
ZILERO TAB. 2.5MG CP (SLK) 30’S,Export,2025.0,0.0,0.0,3
ZILERO TAB. 2.5MG CP 3X10’S,Pharma,2024.0,4565659.49,9900.0,239
ZILERO TAB. 2.5MG CP 3X10’S,Pharma,2025.0,10866479.7,17009.0,334
ZILERO TAB. 2.5MG PS (SLK) 4’S,Export,2024.0,0.0,0.0,1
ZILERO TAB. 2.5MG PS (SLK) 4’S,Export,2025.0,0.0,0.0,3
ZILERO TAB. 5MG CP (SLK) 30’S,Export,2024.0,0.0,0.0,1
ZILERO TAB. 5MG CP (SLK) 30’S,Export,2025.0,0.0,0.0,4
ZILERO TAB. 5MG CP 3X10’S,Pharma,2024.0,4008881.74,5736.0,150
ZILERO TAB. 5MG CP 3X10’S,Pharma,2025.0,7598368.66,10295.0,268
ZILERO TAB. 5MG PS (SLK) 4’S,Export,2024.0,0.0,0.0,1
ZILERO TAB. 5MG PS (SLK) 4’S,Export,2025.0,0.0,0.0,3
ZILFOM TAB. 400MG CP (IQ) 1X5'S,Export,2024.0,0.0,0.0,1
ZILFOM TAB. 400MG CP 1X5'S,Pharma,2024.0,16873607.43,46510.0,500
ZILFOM TAB. 400MG CP 1X5'S,Pharma,2025.0,19192661.85,47582.0,450
ZOLTAR CAP. 20MG CP 2X7'S,Pharma,2024.0,19351464.04,83675.0,1011
ZOLTAR CAP. 20MG CP 2X7'S,Pharma,2025.0,20855516.9,87491.0,864
ZOLTAR CAP. 40MG CP 2X7'S,Pharma,2024.0,18962678.71,71435.0,800
ZOLTAR CAP. 40MG CP 2X7'S,Pharma,2025.0,22069486.25,78435.0,704
ZOLTAR INJ. 40MG CP 1X1'S,Pharma,2024.0,53366567.44,204517.0,727
ZOLTAR INJ. 40MG CP 1X1'S,Pharma,2025.0,50667554.01,184762.0,627
