SDP Name,City,Yr,Revenue,Products,Invoices
A Q TRADERS - RAWALPINDI,Rawalpindi,2025.0,0.0,7,16
A.A. TRADERS,A.A. TRADERS,2025.0,315327.67,31,31
A.K. ENTERPRISES - KARACHI,Karachi,2024.0,104476.79999999999,20,141
A.K. ENTERPRISES - KARACHI,Karachi,2025.0,0.0,15,238
A.K. ENTERPRISES - MULTAN,Multan,2024.0,0.0,8,31
A.K. ENTERPRISES - MULTAN,Multan,2025.0,0.0,5,22
ACCESS POINT INT'L TRADING INC.,ACCESS POINT INT'L TRADING INC.,2024.0,0.0,6,21
ACCESS POINT INT'L TRADING INC.,ACCESS POINT INT'L TRADING INC.,2025.0,0.0,11,24
AGA KHAN HEALTH SERVICES PAKISTAN,AGA KHAN HEALTH SERVICES PAKISTAN,2025.0,0.0,1,1
AGA KHAN HOSPITAL & MEDICAL COLLEGE,AGA KHAN HOSPITAL & MEDICAL COLLEGE,2024.0,0.0,4,40
AGA KHAN HOSPITAL & MEDICAL COLLEGE,AGA KHAN HOSPITAL & MEDICAL COLLEGE,2025.0,0.0,4,37
AGLOW HEALTHCARE (PVT.) LTD.,AGLOW HEALTHCARE (PVT.) LTD.,2024.0,801998.77,14,31
AGLOW HEALTHCARE (PVT.) LTD.,AGLOW HEALTHCARE (PVT.) LTD.,2025.0,1288257.16,19,51
AHMAD ENTERPRISES,AHMAD ENTERPRISES,2024.0,58048157.34,162,1796
AHMAD ENTERPRISES,AHMAD ENTERPRISES,2025.0,25702114.08,147,782
AHMAD SAEED MEDICINE DISTRIBUTORS,AHMAD SAEED MEDICINE DISTRIBUTORS,2025.0,42481802.47,165,1158
AHMED BIN QASIM,AHMED BIN QASIM,2024.0,4150390.09,24,100
AHMED BIN QASIM,AHMED BIN QASIM,2025.0,3064643.08,21,69
AIM DISTRIBUTOR FAISALABAD,AIM DISTRIBUTOR FAISALABAD,2024.0,0.0,5,59
AIM DISTRIBUTOR FAISALABAD,AIM DISTRIBUTOR FAISALABAD,2025.0,0.0,6,115
AL KHIDMAT PHARMACY SERVICES,AL KHIDMAT PHARMACY SERVICES,2024.0,4324067.25,26,153
AL KHIDMAT PHARMACY SERVICES,AL KHIDMAT PHARMACY SERVICES,2025.0,5677153.15,28,278
AL MUSTAFA ENTERPRISES,AL MUSTAFA ENTERPRISES,2024.0,0.0,1,3
AL RABIE SCIENTIFIC BUREAU,AL RABIE SCIENTIFIC BUREAU,2024.0,2109.9,32,156
AL RABIE SCIENTIFIC BUREAU,AL RABIE SCIENTIFIC BUREAU,2025.0,1245.6,17,93
AL-ABBAS DISTRIBUTORS,Abbas Distributors,2024.0,27779723.6,113,894
AL-ABBAS DISTRIBUTORS,Abbas Distributors,2025.0,34825020.93,108,905
AL-BARAKAH MEDICAL CENTER,Barakah Medical Center,2024.0,3250.0,6,6
AL-FATEH MEDICINE COMPANY,Fateh Medicine Company,2024.0,93214538.0,200,2579
AL-FATEH MEDICINE COMPANY,Fateh Medicine Company,2025.0,47595147.24,179,1196
AL-HAMD DISTRIBUTORS,Hamd Distributors,2024.0,0.0,5,50
AL-HAMD DISTRIBUTORS,Hamd Distributors,2025.0,0.0,5,32
AL-KHAIR PHARMA - LAHORE,Lahore,2024.0,0.0,1,5
AL-KHAIR PHARMA - LAHORE,Lahore,2025.0,0.0,1,6
AL-RAZZAK ENTERPRISES - KARACHI,Karachi,2024.0,231331.4,18,120
AL-RAZZAK ENTERPRISES - KARACHI,Karachi,2025.0,46678.0,16,195
ALI HAJVERY PHARMA,ALI HAJVERY PHARMA,2024.0,91923918.25,180,2411
ALI HAJVERY PHARMA,ALI HAJVERY PHARMA,2025.0,98216303.78,175,2421
ALKHIDMAT HEALTH FOUNDATION,ALKHIDMAT HEALTH FOUNDATION,2024.0,100512.5,4,10
ALLONS ENTERPRISES,ALLONS ENTERPRISES,2025.0,315684.57,20,44
AMETHYST GLOBAL (THAILAND) CO.LTD,AMETHYST GLOBAL (THAILAND) CO.LTD,2024.0,63612.0,2,11
AMETHYST GLOBAL (THAILAND) CO.LTD,AMETHYST GLOBAL (THAILAND) CO.LTD,2025.0,11936.0,2,12
ASIAN CONTINENTAL (PVT) LIMITED,ASIAN CONTINENTAL (PVT) LIMITED,2024.0,0.0,13,151
ASIAN CONTINENTAL (PVT) LIMITED,ASIAN CONTINENTAL (PVT) LIMITED,2025.0,0.0,13,155
ASSENE-LABOREX LTD,Laborex Ltd,2024.0,386.04999999999995,4,37
ASSENE-LABOREX LTD,Laborex Ltd,2025.0,0.0,5,28
ASTELA HEALTH CARE (PVT.) LTD.,ASTELA HEALTH CARE (PVT.) LTD.,2024.0,0.0,5,29
ASTELA HEALTH CARE (PVT.) LTD.,ASTELA HEALTH CARE (PVT.) LTD.,2025.0,0.0,5,21
ATIF DISTRIBUTOR,ATIF DISTRIBUTOR,2024.0,106862054.38,199,2812
ATIF DISTRIBUTOR,ATIF DISTRIBUTOR,2025.0,132781982.39,196,3071
AVARI TOWERS,AVARI TOWERS,2025.0,0.0,1,1
AZEEM ENTERPRISES,AZEEM ENTERPRISES,2024.0,267101.09,12,12
AZEEM ENTERPRISES,AZEEM ENTERPRISES,2025.0,796302.55,19,28
Additional Director (MS&DC) DGHS,Additional Director (MS&DC) DGHS,2024.0,0.0,1,5
Additional Director (MS&DC) DGHS,Additional Director (MS&DC) DGHS,2025.0,35797.08,5,15
"Allied Hospital, Faisalabad","Allied Hospital, Faisalabad",2025.0,302856.0,3,3
BAHRIA PHARMACY,BAHRIA PHARMACY,2024.0,454137.44,4,7
BAHRIA PHARMACY,BAHRIA PHARMACY,2025.0,122320.0,2,3
BARRETT HODGSON PAKISTAN (PVT) LTD,BARRETT HODGSON PAKISTAN (PVT) LTD,2024.0,0.0,1,1
BIOMAX PHARMA - LAHORE,Lahore,2024.0,0.0,16,161
BIOMAX PHARMA - LAHORE,Lahore,2025.0,0.0,13,151
BURHAN TRADERS,BURHAN TRADERS,2024.0,0.0,4,11
BURHAN TRADERS,BURHAN TRADERS,2025.0,0.0,6,68
CANCER CARE PHARMACY,CANCER CARE PHARMACY,2024.0,0.0,5,61
CANCER CARE PHARMACY,CANCER CARE PHARMACY,2025.0,0.0,5,29
CEO DHA ATTOCK,CEO DHA ATTOCK,2025.0,0.0,3,3
CEO DHA BAHAWALNAGAR,CEO DHA BAHAWALNAGAR,2025.0,0.0,3,4
CEO DHA BAHAWALPUR,CEO DHA BAHAWALPUR,2025.0,0.0,3,3
CEO DHA BHAKKAR,CEO DHA BHAKKAR,2025.0,0.0,3,3
CEO DHA CHAKWAL,CEO DHA CHAKWAL,2025.0,0.0,3,3
CEO DHA CHINIOT,CEO DHA CHINIOT,2025.0,0.0,2,2
CEO DHA D.G.KHAN,CEO DHA D.G.KHAN,2025.0,43810.0,3,5
CEO DHA FAISALABAD,CEO DHA FAISALABAD,2025.0,0.0,3,5
CEO DHA GUJRANWALA,CEO DHA GUJRANWALA,2025.0,0.0,2,3
CEO DHA HAFIZABAD,CEO DHA HAFIZABAD,2025.0,0.0,2,2
CEO DHA JHANG,CEO DHA JHANG,2025.0,4118.14,3,4
CEO DHA JHELUM,CEO DHA JHELUM,2025.0,0.0,3,3
CEO DHA KASUR,CEO DHA KASUR,2025.0,0.0,2,2
CEO DHA KHANEWAL,CEO DHA KHANEWAL,2025.0,0.0,1,1
CEO DHA KHUSHAB,CEO DHA KHUSHAB,2025.0,0.0,3,6
CEO DHA LAHORE,CEO DHA LAHORE,2025.0,0.0,3,5
CEO DHA LAYYAH,CEO DHA LAYYAH,2025.0,0.0,3,5
CEO DHA LODHRAN,CEO DHA LODHRAN,2025.0,43810.0,3,4
CEO DHA MANDI BAHAUDDIN,CEO DHA MANDI BAHAUDDIN,2025.0,0.0,3,5
CEO DHA MIANWALI,CEO DHA MIANWALI,2025.0,0.0,2,2
CEO DHA MULTAN,CEO DHA MULTAN,2025.0,0.0,3,3
CEO DHA MUZAFFAR GARH,CEO DHA MUZAFFAR GARH,2025.0,0.0,3,4
CEO DHA NANKANA SAHIB,CEO DHA NANKANA SAHIB,2025.0,0.0,3,5
CEO DHA NAROWAL,CEO DHA NAROWAL,2025.0,38010.92,3,5
CEO DHA OKARA,CEO DHA OKARA,2025.0,67029.3,3,4
CEO DHA PAKPATTAN,CEO DHA PAKPATTAN,2025.0,0.0,3,3
CEO DHA RAJANPUR,CEO DHA RAJANPUR,2025.0,0.0,3,3
CEO DHA RAWALPINDI,CEO DHA RAWALPINDI,2025.0,0.0,3,5
CEO DHA SAHIWAL,CEO DHA SAHIWAL,2025.0,0.0,3,3
CEO DHA SARGODHA,CEO DHA SARGODHA,2025.0,0.0,2,2
CEO DHA SHEIKHUPURA,CEO DHA SHEIKHUPURA,2025.0,14632.54,3,6
CEO DHA SIALKOT,CEO DHA SIALKOT,2025.0,0.0,2,2
CEO DHA TOBA TEK SINGH,CEO DHA TOBA TEK SINGH,2025.0,0.0,3,4
CEO DISTRICT HEALTH AUTHORITY,CEO DISTRICT HEALTH AUTHORITY,2024.0,126658.56,1,1
CHAUDHARY MEDICINE CENTER-TT SINGH,Tt Singh,2025.0,0.0,4,4
CHIEF DISTRIBUTOR'S - ISLAMABAD,Islamabad,2024.0,0.0,3,18
CHIEF DISTRIBUTOR'S - ISLAMABAD,Islamabad,2025.0,0.0,3,26
CIC HOLDINGS PLC,CIC HOLDINGS PLC,2024.0,76972.33,56,241
CIC HOLDINGS PLC,CIC HOLDINGS PLC,2025.0,85381.78,63,421
CRITICARE PHARMACEUTICALS,CRITICARE PHARMACEUTICALS,2024.0,874452.0,4,25
CRITICARE PHARMACEUTICALS,CRITICARE PHARMACEUTICALS,2025.0,239040.0,4,11
CRITICARE PHARMACEUTICALS (PVT) LTD,CRITICARE PHARMACEUTICALS (PVT) LTD,2025.0,0.0,2,14
CROWN PHARMACEUTICALS (PVT) LTD,CROWN PHARMACEUTICALS (PVT) LTD,2024.0,0.0,5,29
CROWN PHARMACEUTICALS (PVT) LTD,CROWN PHARMACEUTICALS (PVT) LTD,2025.0,0.0,4,22
CRYSTAL AGENCIES,CRYSTAL AGENCIES,2024.0,27926842.89,129,1175
CRYSTAL AGENCIES,CRYSTAL AGENCIES,2025.0,28505899.26,150,1277
"Children Hospital, Faisalabad","Children Hospital, Faisalabad",2025.0,198047.24,3,4
DHQ HOSPITAL (ALLIED-II HOSPITAL),Ii Hospital),2025.0,0.0,2,2
DNS ENTERPRISES,DNS ENTERPRISES,2025.0,540869.0,7,25
DUOC DAI NAM JOINT-STOCK CO,Stock Co,2024.0,0.0,1,6
DYNAM PHARMA,DYNAM PHARMA,2025.0,213702.58,10,11
DYNAMIC PHARMA - LAHORE,Lahore,2024.0,0.0,5,53
DYNAMIC PHARMA - LAHORE,Lahore,2025.0,0.0,4,36
DYNAMIC PHARMA - MULTAN,Multan,2024.0,0.0,5,61
DYNAMIC PHARMA - MULTAN,Multan,2025.0,0.0,5,103
EASA BUSINESS GROUP,EASA BUSINESS GROUP,2024.0,0.0,4,28
EASA BUSINESS GROUP,EASA BUSINESS GROUP,2025.0,0.0,3,7
ENERGIA PHARMA LTD. KENYA,ENERGIA PHARMA LTD. KENYA,2024.0,0.0,2,7
ENERGIA PHARMA LTD. KENYA,ENERGIA PHARMA LTD. KENYA,2025.0,0.0,1,1
ENERGIA PHARMA SERVICES NV,ENERGIA PHARMA SERVICES NV,2024.0,32142.86,9,19
ENERGIA PHARMA SERVICES NV,ENERGIA PHARMA SERVICES NV,2025.0,10852.81,13,25
EXECUTIVE DIRECTOR P.I.M.H. LAHORE,EXECUTIVE DIRECTOR P.I.M.H. LAHORE,2025.0,0.0,3,6
FAISAL PHARMA,FAISAL PHARMA,2024.0,921378.55,36,61
FAISAL PHARMA,FAISAL PHARMA,2025.0,228525.45,8,13
FAISALABAD INST.OF CARDIOLOGY,FAISALABAD INST.OF CARDIOLOGY,2025.0,0.0,3,14
FAMOUS DISTRIBUTORS - FAISALABAD,Faisalabad,2024.0,0.0,11,59
FAMOUS DISTRIBUTORS - FAISALABAD,Faisalabad,2025.0,0.0,9,67
FATMIYAH HOSP. C/O REMEDIAL ENTERPR,FATMIYAH HOSP. C/O REMEDIAL ENTERPR,2024.0,691209.9,6,30
FATMIYAH HOSP. C/O REMEDIAL ENTERPR,FATMIYAH HOSP. C/O REMEDIAL ENTERPR,2025.0,790821.98,5,39
FAUJI FOUNDATION HOSP. LAHORE,FAUJI FOUNDATION HOSP. LAHORE,2025.0,475479.41,8,9
FAUJI FOUNDATION HOSP. PESHAWAR,FAUJI FOUNDATION HOSP. PESHAWAR,2025.0,249425.5,9,9
FAUJI FOUNDATION HOSP. RAWALPINDI,FAUJI FOUNDATION HOSP. RAWALPINDI,2025.0,1589011.7,23,25
FEROZSONS LABORTORIES LTD,FEROZSONS LABORTORIES LTD,2024.0,0.0,1,1
FEROZSONS LABORTORIES LTD,FEROZSONS LABORTORIES LTD,2025.0,0.0,1,1
FINE TRADERS - LAHORE,Lahore,2024.0,295580.0,18,82
FINE TRADERS - LAHORE,Lahore,2025.0,0.0,10,86
FRIENDS ENT. - FAISALABAD,Faisalabad,2024.0,142663.05,4,5
FRIENDS ENTERPRISES - AJK,Ajk,2024.0,10953805.35,35,338
FRIENDS ENTERPRISES - AJK,Ajk,2025.0,7824260.85,81,228
GOVT GEN HOSP (FSD TEACHING HOSP),GOVT GEN HOSP (FSD TEACHING HOSP),2025.0,0.0,3,5
Globe Pharmacy Ltd.,Globe Pharmacy Ltd.,2024.0,0.0,3,4
Globe Pharmacy Ltd.,Globe Pharmacy Ltd.,2025.0,0.0,3,6
HAFIZ MEDICINE COMPANY - SARGODHA,Sargodha,2024.0,0.0,12,27
HAFIZ MEDICINE COMPANY - SARGODHA,Sargodha,2025.0,0.0,6,50
HAQ ENTERPRISES,HAQ ENTERPRISES,2024.0,0.0,3,49
HAQ ENTERPRISES,HAQ ENTERPRISES,2025.0,0.0,3,38
HARLEY'S LIMITED,HARLEY'S LIMITED,2024.0,8855.06,7,41
HARLEY'S LIMITED,HARLEY'S LIMITED,2025.0,2955.45,7,19
HARLEY'S LIMITED BURUNDI,HARLEY'S LIMITED BURUNDI,2024.0,0.0,2,2
HAROON ENTERPRISES - PESHAWAR,Peshawar,2024.0,12619151.17,129,1083
HAROON ENTERPRISES - PESHAWAR,Peshawar,2025.0,17042845.1,107,881
HASSAAN DISTRIBUTION,HASSAAN DISTRIBUTION,2025.0,115092.59999999999,3,3
HATAY PHARMACEUTICAL JOINT CO.,HATAY PHARMACEUTICAL JOINT CO.,2024.0,0.0,1,3
HAZZ INTERNATIONAL - KARACHI,Karachi,2024.0,921312.08,25,350
HAZZ INTERNATIONAL - KARACHI,Karachi,2025.0,472883.56000000006,23,401
HEALTH CARE ENTERPRISES,HEALTH CARE ENTERPRISES,2024.0,6809399.69,48,228
HEALTH CARE ENTERPRISES,HEALTH CARE ENTERPRISES,2025.0,5214237.79,30,123
HEALTH RESOURCES DISTRIBUTORS - RWP,Rwp,2024.0,0.0,13,17
HEALTH RESOURCES DISTRIBUTORS - RWP,Rwp,2025.0,0.0,5,6
HEALTHLINK ENTERPRISES,HEALTHLINK ENTERPRISES,2024.0,6474827.4,144,882
HEALTHLINK ENTERPRISES,HEALTHLINK ENTERPRISES,2025.0,15680290.7,149,1669
HILTON PHARMA,HILTON PHARMA,2025.0,0.0,1,1
HOPE & HEALTH MEDICAL STORE,HOPE & HEALTH MEDICAL STORE,2024.0,0.0,5,29
HOPE & HEALTH MEDICAL STORE,HOPE & HEALTH MEDICAL STORE,2025.0,0.0,5,19
Helix Pharma (Pvt.) Ltd.,Helix Pharma (Pvt.) Ltd.,2024.0,0.0,1,2
Helix Pharma (Pvt.) Ltd.,Helix Pharma (Pvt.) Ltd.,2025.0,0.0,2,7
IBRAHIM & SONS - CHEMIST & DRUGGIST,Chemist & Druggist,2025.0,0.0,2,12
IBS PHARMA DISTRIBUTORS-RAWALPINDI,Rawalpindi,2025.0,0.0,3,6
IDL PHARMA DISTRIBUTOR LAHORE,IDL PHARMA DISTRIBUTOR LAHORE,2024.0,0.0,5,93
IDL PHARMA DISTRIBUTOR LAHORE,IDL PHARMA DISTRIBUTOR LAHORE,2025.0,0.0,5,146
INACTIVE - NUSRAT PHARMA,Nusrat Pharma,2024.0,23708917.19,159,670
INACTIVE - TAURAS MEDICAL COMPANY,Tauras Medical Company,2024.0,2201069.09,127,200
INDUS PHARMA (PVT) LTD,INDUS PHARMA (PVT) LTD,2025.0,0.0,2,2
ITMG SEA CO. LTD,ITMG SEA CO. LTD,2024.0,2009.6100000000001,8,18
ITMG SEA CO. LTD,ITMG SEA CO. LTD,2025.0,7520.17,11,16
ITTEFAQ MEDICAL STORE-QUETTA,Quetta,2024.0,0.0,1,3
JADE E SERVICES PAKISTAN (PVT) LTD,JADE E SERVICES PAKISTAN (PVT) LTD,2024.0,214793.41,33,396
JADE E SERVICES PAKISTAN (PVT) LTD,JADE E SERVICES PAKISTAN (PVT) LTD,2025.0,581839.5,34,565
JAMIL TRADERS,JAMIL TRADERS,2024.0,4549988.13,64,215
JAMIL TRADERS,JAMIL TRADERS,2025.0,6228102.0,73,252
JINDANI TRADERS,JINDANI TRADERS,2024.0,3706124.36,75,280
JINDANI TRADERS,JINDANI TRADERS,2025.0,3149825.25,71,309
JUNAID MEDICOSE DISTRIBUTORS,JUNAID MEDICOSE DISTRIBUTORS,2024.0,0.0,5,218
JUNAID MEDICOSE DISTRIBUTORS,JUNAID MEDICOSE DISTRIBUTORS,2025.0,0.0,6,235
KARACHI MEDICAL COMPANY,KARACHI MEDICAL COMPANY,2024.0,78100.0,6,7
KER SOCIEDAD ANONIMA,KER SOCIEDAD ANONIMA,2024.0,44370.84,71,252
KER SOCIEDAD ANONIMA,KER SOCIEDAD ANONIMA,2025.0,8139.95,64,205
KER SOCIEDAD ANONIMA-HONDURAS,Honduras,2025.0,3916.0299999999997,18,18
KHAN SEHAT LTD,KHAN SEHAT LTD,2024.0,0.0,1,3
KHAN SEHAT LTD - AFG,Afg,2024.0,1986113.4,76,629
KHAN SEHAT LTD - AFG,Afg,2025.0,824879.25,61,391
KHURRAM TRADERS - SIALKOT,Sialkot,2024.0,20835.0,12,19
KHURRAM TRADERS - SIALKOT,Sialkot,2025.0,0.0,9,39
LABOREX KENYA LIMITED,LABOREX KENYA LIMITED,2025.0,154.27000000000004,11,26
"LIAQUAT NATIONAL HOSPITAL, KARACHI","LIAQUAT NATIONAL HOSPITAL, KARACHI",2024.0,0.0,2,11
"LIAQUAT NATIONAL HOSPITAL, KARACHI","LIAQUAT NATIONAL HOSPITAL, KARACHI",2025.0,0.0,5,24
LIFE CARE - RAWALPINDI,Rawalpindi,2024.0,0.0,13,77
LIFE CARE - RAWALPINDI,Rawalpindi,2025.0,0.0,13,176
LIFE LINE DISTRIBUTORS,LIFE LINE DISTRIBUTORS,2024.0,52535930.58,144,2095
LIFE LINE DISTRIBUTORS,LIFE LINE DISTRIBUTORS,2025.0,59891349.06,168,2522
LIFE PHARMA - QATAR,Qatar,2024.0,3528.0,8,32
LIFE PHARMA - QATAR,Qatar,2025.0,4365.0,4,9
LIFE SUPPORT PVT LTD,LIFE SUPPORT PVT LTD,2024.0,11835.25,7,25
LIFE SUPPORT PVT LTD,LIFE SUPPORT PVT LTD,2025.0,1282.5,5,11
M. ABDULLAH ENTERPRISES,M. ABDULLAH ENTERPRISES,2024.0,69872929.54,176,4213
M. ABDULLAH ENTERPRISES,M. ABDULLAH ENTERPRISES,2025.0,72236355.32,177,4485
MACTER INTERNATIONAL LTD.,MACTER INTERNATIONAL LTD.,2025.0,0.0,1,1
MARTIN DOW LIMITED,MARTIN DOW LIMITED,2024.0,0.0,4,16
MARTIN DOW LIMITED,MARTIN DOW LIMITED,2025.0,19940.0,3,40
MARTIN DOW MARKER LTD.,MARTIN DOW MARKER LTD.,2024.0,0.0,1,3
MAX ENTERPRISES,MAX ENTERPRISES,2024.0,8760149.82,70,236
MAX ENTERPRISES,MAX ENTERPRISES,2025.0,7918018.24,48,221
MED N TECH PHARMA,MED N TECH PHARMA,2024.0,922685.4,16,50
MED N TECH PHARMA,MED N TECH PHARMA,2025.0,1743792.25,18,55
MEDDEC LLC,MEDDEC LLC,2024.0,2351.9,4,8
MEDDEC LLC,MEDDEC LLC,2025.0,704.85,4,52
MEDI AIM PHARMA,MEDI AIM PHARMA,2024.0,14600046.36,96,484
MEDI AIM PHARMA,MEDI AIM PHARMA,2025.0,12332158.14,78,477
MEDICATE  INTERNATIONAL,MEDICATE  INTERNATIONAL,2024.0,10591749.27,71,401
MEDICATE  INTERNATIONAL,MEDICATE  INTERNATIONAL,2025.0,10719982.41,72,374
MEDSWANA (PTY) LTD,MEDSWANA (PTY) LTD,2024.0,1695.75,3,5
MEDSWANA (PTY) LTD,MEDSWANA (PTY) LTD,2025.0,0.0,1,3
MH INTERNATIONAL GROUP LLC,MH INTERNATIONAL GROUP LLC,2024.0,27446.1,2,5
MH INTERNATIONAL GROUP LLC,MH INTERNATIONAL GROUP LLC,2025.0,20905.760000000002,17,32
"MOIC - CPMC, MEDICAL STORE","Cpmc, Medical Store",2024.0,4119866.1500000004,4,232
"MOIC - CPMC, MEDICAL STORE","Cpmc, Medical Store",2025.0,3385483.6999999997,6,249
MS CPEIC MULTAN,MS CPEIC MULTAN,2024.0,0.0,3,12
MS CPEIC MULTAN,MS CPEIC MULTAN,2025.0,12352.4,6,11
MS PUNJAB INST. OF NEUROSCIENCES-LH,Lh,2025.0,0.0,1,1
MS Teaching Hosp. DG Khan,MS Teaching Hosp. DG Khan,2024.0,0.0,2,3
MS Teaching Hosp. DG Khan,MS Teaching Hosp. DG Khan,2025.0,0.0,1,2
N.G.GROUP,N.G.GROUP,2024.0,0.0,5,31
N.G.GROUP,N.G.GROUP,2025.0,0.0,2,6
N.S. TRADERS,N.S. TRADERS,2024.0,0.0,3,23
N.S. TRADERS,N.S. TRADERS,2025.0,0.0,2,24
NABI QASIM INDUSTRIES (PVT) LTD,NABI QASIM INDUSTRIES (PVT) LTD,2024.0,0.0,4,5
"NACOPHARM MB CO., LTD","NACOPHARM MB CO., LTD",2024.0,263.52000000000004,1,7
"NACOPHARM MB CO., LTD","NACOPHARM MB CO., LTD",2025.0,0.0,1,3
NAJAM BROTHERS - QUETTA,Quetta,2024.0,12084.3,14,34
NAJAM BROTHERS - QUETTA,Quetta,2025.0,0.0,9,46
NEW MAJEED MEDICINE CO.,NEW MAJEED MEDICINE CO.,2024.0,100594.78,3,3
NEW MAJEED MEDICINE CO.,NEW MAJEED MEDICINE CO.,2025.0,234748.15,7,13
NEW TAMEER ENTERPRISES,NEW TAMEER ENTERPRISES,2024.0,2185010.44,76,205
NEW TAMEER ENTERPRISES,NEW TAMEER ENTERPRISES,2025.0,1839472.9,30,42
NOOR ENTERPRISES LAHORE,NOOR ENTERPRISES LAHORE,2024.0,0.0,2,8
NOOR ENTERPRISES LAHORE,NOOR ENTERPRISES LAHORE,2025.0,0.0,3,37
NOOR MEDICINE COMPANY,NOOR MEDICINE COMPANY,2024.0,33018555.89,144,1367
NOOR MEDICINE COMPANY,NOOR MEDICINE COMPANY,2025.0,42249037.83,156,1520
NOVIPHARM ENTERPRISES,NOVIPHARM ENTERPRISES,2024.0,0.0,5,118
NOVIPHARM ENTERPRISES,NOVIPHARM ENTERPRISES,2025.0,0.0,6,235
NUSRAT PHARMA - KOTLI,Kotli,2024.0,77098868.44,194,1974
NUSRAT PHARMA - KOTLI,Kotli,2025.0,124074539.47,200,3082
ONCOCARE PHARMACY,ONCOCARE PHARMACY,2024.0,15321568.73,88,484
ONCOCARE PHARMACY,ONCOCARE PHARMACY,2025.0,16680455.64,85,478
ONCOLINK PHARMA DISTRIBUTORS,ONCOLINK PHARMA DISTRIBUTORS,2024.0,0.0,3,8
ONCOLINK PHARMA DISTRIBUTORS,ONCOLINK PHARMA DISTRIBUTORS,2025.0,0.0,3,29
ONE TIME BUYER,ONE TIME BUYER,2024.0,9043101.43,198,10415
ONE TIME BUYER,ONE TIME BUYER,2025.0,11181885.27,217,12473
ORAH LIFE (PVT) LTD.,ORAH LIFE (PVT) LTD.,2024.0,3576101.38,203,621
ORAH LIFE (PVT) LTD.,ORAH LIFE (PVT) LTD.,2025.0,286054.26,83,86
OTSUKA PAKISTAN LTD,OTSUKA PAKISTAN LTD,2025.0,0.0,1,2
P.E.S.S.I LAHORE,P.E.S.S.I LAHORE,2024.0,1587624.24,15,30
P.E.S.S.I LAHORE,P.E.S.S.I LAHORE,2025.0,468000.75,8,16
PAKISTAN MEDICAL SUPPLY CORP,PAKISTAN MEDICAL SUPPLY CORP,2024.0,0.0,5,28
PAKISTAN MEDICAL SUPPLY CORP,PAKISTAN MEDICAL SUPPLY CORP,2025.0,0.0,4,49
PAKISTAN VACCINE HOUSE,PAKISTAN VACCINE HOUSE,2024.0,104476.79999999999,18,154
PAKISTAN VACCINE HOUSE,PAKISTAN VACCINE HOUSE,2025.0,0.0,12,219
PATIENT'S CARE,PATIENT'S CARE,2024.0,0.0,3,19
PATIENT'S CARE,PATIENT'S CARE,2025.0,0.0,2,13
PHARMA CURE INTERNATIONAL,PHARMA CURE INTERNATIONAL,2025.0,363673.48,27,56
PHARMA SOLUTION,PHARMA SOLUTION,2025.0,5752325.05,76,524
PHARMATEC PAKISTAN (PVT) LTD.,PHARMATEC PAKISTAN (PVT) LTD.,2024.0,0.0,1,1
PHARMATEC PAKISTAN (PVT) LTD.,PHARMATEC PAKISTAN (PVT) LTD.,2025.0,0.0,1,1
PHARMEVO (PVT) LTD,PHARMEVO (PVT) LTD,2025.0,0.0,1,1
PREMIER AGENCIES - KORANGI,Karachi,2025.0,4568549.67,213,413
PREMIER SALES PVT LTD-ABBOTTABAD,Abbottabad,2024.0,102567234.08,206,2513
PREMIER SALES PVT LTD-ABBOTTABAD,Abbottabad,2025.0,130072457.58,202,2780
PREMIER SALES PVT LTD-ATTOCK,Attock,2024.0,69013079.96,184,2249
PREMIER SALES PVT LTD-ATTOCK,Attock,2025.0,93361533.85,191,2448
PREMIER SALES PVT LTD-BADIN,Badin,2024.0,22333771.16,151,995
PREMIER SALES PVT LTD-BADIN,Badin,2025.0,33363569.71,152,1149
PREMIER SALES PVT LTD-BAHAWALNAGAR,Bahawalnagar,2024.0,66733531.31,196,2083
PREMIER SALES PVT LTD-BAHAWALNAGAR,Bahawalnagar,2025.0,87407780.01,190,2188
PREMIER SALES PVT LTD-BAHAWALPUR,Bahawalpur,2024.0,99730230.41,208,2547
PREMIER SALES PVT LTD-BAHAWALPUR,Bahawalpur,2025.0,142478461.35,203,2722
PREMIER SALES PVT LTD-BANNU,Bannu,2024.0,141654896.15,196,2793
PREMIER SALES PVT LTD-BANNU,Bannu,2025.0,197489173.87,200,3168
PREMIER SALES PVT LTD-BUREWALA,Burewala,2025.0,65939769.15,203,1523
PREMIER SALES PVT LTD-CHAKWAL,Chakwal,2024.0,66486672.63,193,2133
PREMIER SALES PVT LTD-CHAKWAL,Chakwal,2025.0,87851618.27,195,2370
PREMIER SALES PVT LTD-D.G.KHAN,D.G.Khan,2024.0,119935518.65,205,2729
PREMIER SALES PVT LTD-D.G.KHAN,D.G.Khan,2025.0,148922283.4,204,2901
PREMIER SALES PVT LTD-D.I.KHAN,D.I.Khan,2024.0,94709800.4,183,2190
PREMIER SALES PVT LTD-D.I.KHAN,D.I.Khan,2025.0,118268459.83,179,2390
PREMIER SALES PVT LTD-DADU,Dadu,2024.0,57348383.6,176,1688
PREMIER SALES PVT LTD-DADU,Dadu,2025.0,84048303.61,177,1924
PREMIER SALES PVT LTD-FAISALABAD,Faisalabad,2024.0,200866728.7,214,3445
PREMIER SALES PVT LTD-FAISALABAD,Faisalabad,2025.0,240579346.34,212,3714
PREMIER SALES PVT LTD-FATEH GARH-LH,Lh,2024.0,128815790.57000001,202,2773
PREMIER SALES PVT LTD-FATEH GARH-LH,Lh,2025.0,171897006.52,204,3073
PREMIER SALES PVT LTD-FB AREA,Fb,2024.0,216556982.44,219,3803
PREMIER SALES PVT LTD-FB AREA,Fb,2025.0,280784759.32,221,4184
PREMIER SALES PVT LTD-GHOTKI,Ghotki,2024.0,57100671.59,174,1748
PREMIER SALES PVT LTD-GHOTKI,Ghotki,2025.0,88111108.47,187,2027
PREMIER SALES PVT LTD-GILGIT,Gilgit,2024.0,33712923.13,124,1115
PREMIER SALES PVT LTD-GILGIT,Gilgit,2025.0,44090701.27,127,1266
PREMIER SALES PVT LTD-GUJJAR KHAN,Gujjar Khan,2024.0,52415118.37,193,1826
PREMIER SALES PVT LTD-GUJJAR KHAN,Gujjar Khan,2025.0,66131434.31,190,1987
PREMIER SALES PVT LTD-GUJRANWALA,Gujranwala,2024.0,128284148.59,199,2817
PREMIER SALES PVT LTD-GUJRANWALA,Gujranwala,2025.0,152137723.41,196,3014
PREMIER SALES PVT LTD-GUJRAT,Gujrat,2024.0,97780239.57000001,197,2573
PREMIER SALES PVT LTD-GUJRAT,Gujrat,2025.0,96427454.54,185,2319
PREMIER SALES PVT LTD-GWADAR,Gwadar,2024.0,9095197.14,48,411
PREMIER SALES PVT LTD-GWADAR,Gwadar,2025.0,12770268.27,43,370
PREMIER SALES PVT LTD-HAFIZABAD,Hafizabad,2024.0,35397393.47,155,1365
PREMIER SALES PVT LTD-HAFIZABAD,Hafizabad,2025.0,49641036.02,164,1544
PREMIER SALES PVT LTD-HARIPUR,Haripur,2024.0,74251981.78,200,2123
PREMIER SALES PVT LTD-HARIPUR,Haripur,2025.0,95391249.82000001,201,2372
PREMIER SALES PVT LTD-HASSAN ABDAL,Hassan Abdal,2024.0,91473974.53,196,2415
PREMIER SALES PVT LTD-HASSAN ABDAL,Hassan Abdal,2025.0,129696809.08,201,2667
PREMIER SALES PVT LTD-HYDERABAD,Hyderabad,2024.0,151022522.59,206,3165
PREMIER SALES PVT LTD-HYDERABAD,Hyderabad,2025.0,192298967.15,205,3497
PREMIER SALES PVT LTD-ISLAMABAD,Islamabad,2024.0,183682117.34,219,3318
PREMIER SALES PVT LTD-ISLAMABAD,Islamabad,2025.0,232006950.0,220,3659
PREMIER SALES PVT LTD-JACOBABAD,Jacobabad,2024.0,65325947.9,181,1870
PREMIER SALES PVT LTD-JACOBABAD,Jacobabad,2025.0,96547527.89,183,2187
PREMIER SALES PVT LTD-JHANG,Jhang,2024.0,131607055.71000001,203,2927
PREMIER SALES PVT LTD-JHANG,Jhang,2025.0,173465601.98,196,3146
PREMIER SALES PVT LTD-JHELUM,Jhelum,2024.0,109951145.73,195,2642
PREMIER SALES PVT LTD-JHELUM,Jhelum,2025.0,146114498.66,201,2971
PREMIER SALES PVT LTD-KASUR,Kasur,2024.0,60825665.22,187,1969
PREMIER SALES PVT LTD-KASUR,Kasur,2025.0,85754679.6,195,2177
PREMIER SALES PVT LTD-KHANEWAL,Khanewal,2024.0,67784919.03,193,2255
PREMIER SALES PVT LTD-KHANEWAL,Khanewal,2025.0,95110219.24,194,2413
PREMIER SALES PVT LTD-KHARIAN,Kharian,2025.0,59592109.3,195,1635
PREMIER SALES PVT LTD-KOHAT,Kohat,2024.0,130106983.5,204,2825
PREMIER SALES PVT LTD-KOHAT,Kohat,2025.0,178022343.59,204,3308
PREMIER SALES PVT LTD-KORANGI,Karachi,2024.0,237100823.32,227,3899
PREMIER SALES PVT LTD-KORANGI,Karachi,2025.0,293688459.18,225,4494
PREMIER SALES PVT LTD-LAHORE,Lahore,2024.0,285174438.97,221,4285
PREMIER SALES PVT LTD-LAHORE,Lahore,2025.0,348541279.43,221,4620
PREMIER SALES PVT LTD-LARKANA,Larkana,2024.0,87942752.2,195,2412
PREMIER SALES PVT LTD-LARKANA,Larkana,2025.0,127183918.61,191,2564
PREMIER SALES PVT LTD-LAYYAH,Layyah,2024.0,42364964.93,194,1206
PREMIER SALES PVT LTD-LAYYAH,Layyah,2025.0,128297363.32,188,2643
PREMIER SALES PVT LTD-MANDI BAHAUDI,Mandi Bahaudi,2024.0,46515579.1,181,1671
PREMIER SALES PVT LTD-MANDI BAHAUDI,Mandi Bahaudi,2025.0,65739061.44,175,1823
PREMIER SALES PVT LTD-MANSEHRA,Mansehra,2024.0,98806705.37,195,2421
PREMIER SALES PVT LTD-MANSEHRA,Mansehra,2025.0,128443735.05,192,2636
PREMIER SALES PVT LTD-MARDAN,Mardan,2024.0,161568678.08,191,3028
PREMIER SALES PVT LTD-MARDAN,Mardan,2025.0,218894564.5,197,3361
PREMIER SALES PVT LTD-MIRPURKHAS,Mirpurkhas,2024.0,69320085.35,188,2053
PREMIER SALES PVT LTD-MIRPURKHAS,Mirpurkhas,2025.0,94244660.3,179,2204
PREMIER SALES PVT LTD-MITHI,Mithi,2025.0,25748169.5,160,736
PREMIER SALES PVT LTD-MULTAN,Multan,2024.0,184168178.3,215,3442
PREMIER SALES PVT LTD-MULTAN,Multan,2025.0,230976764.68,212,3749
PREMIER SALES PVT LTD-MUZAFFARABAD,Muzaffarabad,2024.0,94660253.6,196,2332
PREMIER SALES PVT LTD-MUZAFFARABAD,Muzaffarabad,2025.0,107130989.85,188,2243
PREMIER SALES PVT LTD-NAROWAL,Narowal,2024.0,35706480.22,151,1298
PREMIER SALES PVT LTD-NAROWAL,Narowal,2025.0,49222330.78,148,1438
PREMIER SALES PVT LTD-NAUSHERO FERO,Naushero Fero,2024.0,37646125.18,156,1196
PREMIER SALES PVT LTD-NAUSHERO FERO,Naushero Fero,2025.0,52104913.36,158,1418
PREMIER SALES PVT LTD-NAWABSHAH,Nawabshah,2024.0,97359879.33,197,2404
PREMIER SALES PVT LTD-NAWABSHAH,Nawabshah,2025.0,122133677.35,191,2668
PREMIER SALES PVT LTD-NOWSHERA,Nowshera,2025.0,81836138.27,208,1981
PREMIER SALES PVT LTD-PESHAWAR,Peshawar,2024.0,276616440.48,213,4229
PREMIER SALES PVT LTD-PESHAWAR,Peshawar,2025.0,330668954.1,216,4313
PREMIER SALES PVT LTD-QUETTA,Quetta,2024.0,175293595.14000002,214,3252
PREMIER SALES PVT LTD-QUETTA,Quetta,2025.0,220209481.85,203,3402
PREMIER SALES PVT LTD-R.Y.KHAN,R.Y.Khan,2024.0,110007523.68,207,2691
PREMIER SALES PVT LTD-R.Y.KHAN,R.Y.Khan,2025.0,157203958.16,201,3064
PREMIER SALES PVT LTD-RAWALPINDI,Rawalpindi,2024.0,241715615.75,220,3872
PREMIER SALES PVT LTD-RAWALPINDI,Rawalpindi,2025.0,298569397.96,219,3892
PREMIER SALES PVT LTD-S.I.T.E AREA,Karachi,2024.0,148328705.03,201,3157
PREMIER SALES PVT LTD-S.I.T.E AREA,Karachi,2025.0,186714332.39,204,3446
PREMIER SALES PVT LTD-SAHIWAL,Sahiwal,2024.0,120231825.48,205,2829
PREMIER SALES PVT LTD-SAHIWAL,Sahiwal,2025.0,149757106.59,205,3059
PREMIER SALES PVT LTD-SARGODHA,Sargodha,2024.0,142259902.03,207,3000
PREMIER SALES PVT LTD-SARGODHA,Sargodha,2025.0,184887682.77,204,3370
PREMIER SALES PVT LTD-SHAHDADPUR,Shahdadpur,2024.0,34828694.16,169,1244
PREMIER SALES PVT LTD-SHAHDADPUR,Shahdadpur,2025.0,51369665.81,170,1421
PREMIER SALES PVT LTD-SHAKARGARH,Shakargarh,2025.0,3503859.45,119,119
PREMIER SALES PVT LTD-SHEIKHUPURA,Sheikhupura,2024.0,98251678.56,190,2378
PREMIER SALES PVT LTD-SHEIKHUPURA,Sheikhupura,2025.0,127102394.38,199,2747
PREMIER SALES PVT LTD-SHORKOT,Shorkot,2025.0,4516061.12,115,116
PREMIER SALES PVT LTD-SIALKOT,Sialkot,2024.0,138600541.48,194,2844
PREMIER SALES PVT LTD-SIALKOT,Sialkot,2025.0,171591114.18,194,3014
PREMIER SALES PVT LTD-SUKKUR,Sukkur,2024.0,110717278.44,196,2644
PREMIER SALES PVT LTD-SUKKUR,Sukkur,2025.0,143853069.29,199,2786
PREMIER SALES PVT LTD-SWABI,Swabi,2024.0,96261566.65,185,2290
PREMIER SALES PVT LTD-SWABI,Swabi,2025.0,136645757.76,181,2536
PREMIER SALES PVT LTD-SWAT,Swat,2024.0,222468105.74,210,3538
PREMIER SALES PVT LTD-SWAT,Swat,2025.0,291609694.02,204,4051
PREMIER SALES PVT LTD-THATTA,Thatta,2024.0,26681219.81,159,1145
PREMIER SALES PVT LTD-THATTA,Thatta,2025.0,36637128.31,173,1336
PREMIER SALES PVT LTD-TIMERGARA,Timergara,2024.0,146754637.78,199,2881
PREMIER SALES PVT LTD-TIMERGARA,Timergara,2025.0,175223800.18,199,3007
PREMIER SALES PVT LTD-UMERKOT,Umerkot,2024.0,54775006.93,161,1645
PREMIER SALES PVT LTD-UMERKOT,Umerkot,2025.0,60413672.71,172,1552
PRIME PHARMA COMPANY,PRIME PHARMA COMPANY,2024.0,12374.869999999999,42,136
PRIME PHARMA COMPANY,PRIME PHARMA COMPANY,2025.0,904.5,15,28
PRIX PHARMA SH.P.K,PRIX PHARMA SH.P.K,2024.0,19935.0,3,3
PULSE CARE TRADERS,PULSE CARE TRADERS,2024.0,99992348.06,196,3219
PULSE CARE TRADERS,PULSE CARE TRADERS,2025.0,49168926.87,183,1390
PUNJAB INSTITUTE OF CARDIOLOGY,PUNJAB INSTITUTE OF CARDIOLOGY,2024.0,0.0,2,14
PUNJAB INSTITUTE OF CARDIOLOGY,PUNJAB INSTITUTE OF CARDIOLOGY,2025.0,0.0,2,47
PUNJAB UNIVERSITY,PUNJAB UNIVERSITY,2024.0,1967605.39,38,45
PUNJAB UNIVERSITY,PUNJAB UNIVERSITY,2025.0,5134101.99,58,102
Peshawar Institute of Cardiology,Peshawar Institute of Cardiology,2024.0,737264.8,9,19
Peshawar Institute of Cardiology,Peshawar Institute of Cardiology,2025.0,385160.0,7,10
Q-MED PHARMA DIST. - RAWALPINDI,Rawalpindi,2025.0,0.0,2,9
Q-PHARMA,Pharma,2024.0,3180.5,20,39
RATANAK PHARMA CO. LTD,RATANAK PHARMA CO. LTD,2024.0,0.0,7,7
RAWALPINDI INSTITUTE OF CARDIOLOGY,RAWALPINDI INSTITUTE OF CARDIOLOGY,2024.0,0.0,5,14
RAWALPINDI INSTITUTE OF CARDIOLOGY,RAWALPINDI INSTITUTE OF CARDIOLOGY,2025.0,1025678.3999999999,11,24
REHMAN BROTHERS,REHMAN BROTHERS,2024.0,12196.25,5,5
REHMAN BROTHERS,REHMAN BROTHERS,2025.0,475375.8,11,17
REHMAN TRADING COMPANY,REHMAN TRADING COMPANY,2024.0,14637216.05,74,434
REHMAN TRADING COMPANY,REHMAN TRADING COMPANY,2025.0,13976782.69,89,397
REMEDIAL ENTERPRISES,REMEDIAL ENTERPRISES,2024.0,3400157.45,91,374
REMEDIAL ENTERPRISES,REMEDIAL ENTERPRISES,2025.0,1731048.83,24,208
RGS INNOVATIVE HEALTH SCIENCES,RGS INNOVATIVE HEALTH SCIENCES,2025.0,0.0,2,6
RIZWAN MEDICINE COMPANY,RIZWAN MEDICINE COMPANY,2024.0,707527.51,35,132
RIZWAN MEDICINE COMPANY,RIZWAN MEDICINE COMPANY,2025.0,0.0,6,138
RUYA AL-SIHIYA COMPANY,Sihiya Company,2025.0,0.0,26,116
S&T CORPORATION,S&T CORPORATION,2024.0,875912.0,14,35
S&T CORPORATION,S&T CORPORATION,2025.0,1127689.34,35,72
S.K. DISTRIBUTOR - ISLAMABAD,Islamabad,2024.0,44418.6,15,41
S.K. DISTRIBUTOR - ISLAMABAD,Islamabad,2025.0,0.0,14,69
S.K. DISTRIBUTOR-ISLAMABAD INST DIS,Islamabad Inst Dis,2024.0,1115856.6,26,28
S.K. DISTRIBUTOR-ISLAMABAD INST DIS,Islamabad Inst Dis,2025.0,12185673.53,108,496
SAHEL PROMO SARL,SAHEL PROMO SARL,2024.0,4871.4,1,1
SAMI PHARMACEUTICAL (PVT) LTD.,SAMI PHARMACEUTICAL (PVT) LTD.,2024.0,0.0,3,7
SAMI PHARMACEUTICAL (PVT) LTD.,SAMI PHARMACEUTICAL (PVT) LTD.,2025.0,0.0,10,71
SAP HEALTH LIMITED COMPANY,SAP HEALTH LIMITED COMPANY,2024.0,3298.1899999999996,10,10
SCILIFE PHARMA (PVT.) LTD,SCILIFE PHARMA (PVT.) LTD,2024.0,0.0,4,42
SCILIFE PHARMA (PVT.) LTD,SCILIFE PHARMA (PVT.) LTD,2025.0,0.0,4,12
SCITECH HEALTH (PVT) LTD.(QnE),SCITECH HEALTH (PVT) LTD.(QnE),2024.0,4590894.27,134,373
SIRAJUDDIN & SONS - QUETTA,Quetta,2025.0,0.0,1,2
SITECH PHARMACEUTICALS (PVT.) LTD.,SITECH PHARMACEUTICALS (PVT.) LTD.,2024.0,1466964.0,24,95
SITECH PHARMACEUTICALS (PVT.) LTD.,SITECH PHARMACEUTICALS (PVT.) LTD.,2025.0,1343531.0,23,197
SKY HEALTHCARE LTD,SKY HEALTHCARE LTD,2024.0,781.6,8,19
SKY HEALTHCARE LTD,SKY HEALTHCARE LTD,2025.0,770.0,14,65
SN INTERNATIONAL,SN INTERNATIONAL,2024.0,5620.0,11,11
SN INTERNATIONAL,SN INTERNATIONAL,2025.0,22877.25,8,38
SOMH FF KARACHI,SOMH FF KARACHI,2025.0,577500.0,10,11
SPECTRUM MEDICAL SUPPLIES,SPECTRUM MEDICAL SUPPLIES,2024.0,47082133.82,136,2558
SPECTRUM MEDICAL SUPPLIES,SPECTRUM MEDICAL SUPPLIES,2025.0,57527383.92,145,2908
STATE PHARMACEUTICALS CORPORATION,STATE PHARMACEUTICALS CORPORATION,2024.0,0.0,2,18
STATE PHARMACEUTICALS CORPORATION,STATE PHARMACEUTICALS CORPORATION,2025.0,0.0,4,16
SULTAN SUPPLIES SERVICES,SULTAN SUPPLIES SERVICES,2024.0,60327057.43,175,1447
SURGI PLUS - HYDERABAD,Hyderabad,2024.0,0.0,15,51
SURGI PLUS - HYDERABAD,Hyderabad,2025.0,8717.8,14,89
Services Gen. Hosp. Lahore,Services Gen. Hosp. Lahore,2025.0,0.0,1,1
Syed Abdullah Shah Institute Sehwan,Syed Abdullah Shah Institute Sehwan,2025.0,0.0,2,8
TABBA HEART INST. C/O M.ABDULLAH EN,TABBA HEART INST. C/O M.ABDULLAH EN,2024.0,299096.05,3,24
TALHA TRADERS,TALHA TRADERS,2024.0,28691303.15,119,1030
TALHA TRADERS,TALHA TRADERS,2025.0,30298834.12,129,1246
TANVEER ENTERPRISES,TANVEER ENTERPRISES,2024.0,424714.4,6,14
TANVEER ENTERPRISES,TANVEER ENTERPRISES,2025.0,685554.1900000001,13,42
TAURUS MEDICAL COMPANY,TAURUS MEDICAL COMPANY,2024.0,13458012.01,129,635
TAURUS MEDICAL COMPANY,TAURUS MEDICAL COMPANY,2025.0,23320842.31,146,1266
TFMF PHARMA DISTRIBUTOR,TFMF PHARMA DISTRIBUTOR,2024.0,5173146.64,75,255
TFMF PHARMA DISTRIBUTOR,TFMF PHARMA DISTRIBUTOR,2025.0,430884.98000000004,44,59
THREE M ENTERPRISES LAHORE,THREE M ENTERPRISES LAHORE,2024.0,0.0,3,12
"The Children's Hospital, Lahore","The Children's Hospital, Lahore",2025.0,247500.0,1,1
WD PHARMA,WD PHARMA,2024.0,13311071.0,81,578
WD PHARMA,WD PHARMA,2025.0,21491561.86,94,895
WEME,WEME,2024.0,0.0,1,1
WESTGATE PHARMACEUTICALS,WESTGATE PHARMACEUTICALS,2025.0,0.0,2,4
Wazirabad institute of Cardiology,Wazirabad institute of Cardiology,2025.0,0.0,1,3
YASMINA PHARMA SARL,YASMINA PHARMA SARL,2025.0,5000.0,3,4
ZAIDI TRADERS,ZAIDI TRADERS,2025.0,0.0,3,44
ZESH LIFE SCIENCE CO. LTD.,ZESH LIFE SCIENCE CO. LTD.,2025.0,0.0,11,19
